blind_proposal_id,coverage_status,closest_generated_id,confidence,reason_cn
judgment-0001,partial,audit-0001-g01,0.84,生成题提到先滑蓝色栏杆且之后摔倒的位置，但未判断是否完整滑过并落回雪面。
judgment-0002,partial,audit-0001-g01,0.78,生成题涉及滑行后人与栏杆的最终相对位置，但没有追问滑雪板的高度和方向变化。
judgment-0003,partial,audit-0001-g01,0.88,生成题交代栏杆滑行动作在开头且结尾已摔倒，能关联先后关系，但任务本身是判断摔倒后的空间位置。
judgment-0004,partial,audit-0001-g01,0.86,生成题说明接触蓝色栏杆后发生摔倒，却未完整询问接近栏杆后的动作序列。
judgment-0005,direct,audit-0001-g01,0.93,生成题明确把栏杆滑行置于开头并说明随后摔倒，直接覆盖越杆后未保持站立这一核心事实。
judgment-0006,partial,audit-0001-g01,0.75,生成题给出结尾相对栏杆的上坡和左侧位置，但没有给出滑走时的朝向。
judgment-0007,partial,audit-0002-g02,0.81,生成题涉及开枪瞬间被瞄准的飞鸟，间接对应枪口朝天，但没有直接比较枪口朝水面还是天空。
judgment-0008,partial,audit-0002-g01,0.85,生成题区分一只近岸鸭和后续主鸭群，触及数量结构但没有要求统计同时可见总数。
judgment-0009,partial,audit-0002-g01,0.88,生成题比较开头近岸单鸭与后来水中鸭群的位置，但没有判断鸭群相对岸边的移动方式。
judgment-0010,partial,audit-0002-g02,0.89,生成题明确开枪时有飞鸟而主群仍漂在水面，相关地表明并非所有鸟始终在水面，但时间范围与群体条件未完全对应。
judgment-0011,absent,audit-0003-g01,0.94,生成题仅把山和房屋列为降雨可能到达的区域，没有涉及房屋在山体前后这一深度关系。
judgment-0012,absent,audit-0003-g01,0.96,生成题讨论云雨下一步影响区域，没有询问镜头先展示山体还是近处房屋。
judgment-0013,partial,audit-0003-g01,0.87,生成题把黄色房屋描述为画面中央，触及中心房屋，但未覆盖镜头移动后进入中央的动态过程。
judgment-0014,absent,audit-0003-g01,0.98,所有生成题都在预测雨幕去向，没有提及前景立柱或其遮挡山景的时刻。
judgment-0015,partial,audit-0003-g01,0.74,生成题同时涉及云层运动和中央黄色房屋，但没有判断深色云层是否位于房屋上方。
judgment-0016,direct,audit-0004-g01,0.99,生成题明确描述把鱼从水中提入皮划艇，正面覆盖鱼最终移到艇内而非留在水中的意图。
judgment-0017,partial,audit-0004-g01,0.86,生成题追踪浮标与鱼嘴在提鱼过程中的距离，却没有给出浮标相对皮划艇的位置变化。
judgment-0018,partial,audit-0004-g02,0.91,生成题说明鱼入艇并稳住后目标是取下鱼钩，覆盖处理鱼钩阶段但没有比较展示鱼与处理鱼钩的先后。
judgment-0019,partial,audit-0004-g01,0.75,生成题同时涉及浮标和被提起的鱼，但没有比较拿浮漂与展示鱼的动作次序。
judgment-0020,absent,audit-0004-g03,0.96,生成题只判断鱼竿是否始终在艇左侧，未说明鱼相对船头在哪一侧。
judgment-0021,partial,audit-0004-g01,0.79,生成题覆盖鱼被从水中举入艇内的同一过程，但完全缺少鱼身朝向变化这一关键要求。
judgment-0022,partial,audit-0005-g02,0.91,生成题锁定冲浪者被浪卷遮挡最严重的时刻，但没有判断其随后是否重新清晰出现。
judgment-0023,partial,audit-0005-g01,0.90,生成题讨论最后转弯及板的行进方向，触及运动方向变化，但主要要求上身相对板方向的旋转。
judgment-0024,partial,audit-0005-g02,0.83,生成题确认被浪卷遮挡的时刻，另一生成题涉及最后转向，但没有直接建立遮挡与转向的先后关系。
judgment-0025,direct,audit-0005-g02,0.97,生成题直接询问冲浪者在浪卷中最受遮挡时的可见部分，覆盖进入浪管后一度被浪花遮住的核心事实。
judgment-0026,partial,audit-0005-g01,0.82,生成题涉及骑行末段转弯和板的行进方向，但没有把方向限定为从浪管出来之后。
judgment-0027,absent,audit-0005-g02,0.93,生成题关注浪卷遮挡时的可见部分，没有判断浪峰塌下前冲浪者是否保持站立。
judgment-0028,absent,audit-0006-g03,0.96,生成题涉及若干具体人物的出现次序与遮挡，但没有统计镜头依次展示的老人数量。
judgment-0029,direct,audit-0006-g03,0.90,逆向平移时谁先完整入画的题依赖同一排人物的左右顺序，可直接决定蓝帽人与宽檐帽人的实际出现先后。
judgment-0030,absent,audit-0006-g03,0.96,生成题没有要求统计镜头依次聚焦的坐着人物总数。
judgment-0031,uncertain,audit-0006-g03,0.55,参考中的“戴帽男子”无法从文字稳定对应牛仔帽、库菲帽、花纹帽或蓝帽中的哪一人，因而不能可靠比较左右关系。
judgment-0032,partial,audit-0006-g03,0.88,生成题通过反向平移询问最先入画的两人，覆盖人物排列与出现顺序，但未直接问蓝帽男子前镜头经过的具体人。
judgment-0033,absent,audit-0007-g01,0.98,生成题只讨论鱼及其相对位置，没有提及红色虾，无法比较鱼和虾的首次出现次序。
judgment-0034,absent,audit-0007-g03,0.99,所有生成题都未出现虾或虾在水草上的朝向。
judgment-0035,direct,audit-0007-g01,0.96,生成题明确在八秒处有两条大型银色鱼，直接覆盖前半段大型银色鱼的数量事实。
judgment-0036,absent,audit-0007-g01,0.98,生成题虽描述鱼但完全没有红色虾，无法判断前半段鱼与虾谁是主要对象。
judgment-0037,absent,audit-0007-g03,0.99,生成题没有提及红色虾，更未描述其停在水草的具体位置。
judgment-0038,partial,audit-0007-g01,0.92,生成题追踪两条大型银鱼向右游至缸体右端的相对运动，但没有明确要求其在水草前方如何移动。
judgment-0039,partial,audit-0008-g01,0.91,生成题判断浪峰从左向右传播时峰高是否一致，覆盖形状变化的一个维度但不是整体形态变化。
judgment-0040,absent,audit-0008-g01,0.98,唯一生成题只比较浪峰高度，没有提及阳光反射及其在浪峰前后的位置。
judgment-0041,direct,audit-0008-g01,0.99,生成题明确说明浪峰从画面左侧传播到右侧，直接给出波浪推进方向。
judgment-0042,partial,audit-0008-g01,0.84,生成题考察浪峰随传播是否保持峰高，涉及传播中的形态变化，但未判断是否逐渐破碎。
judgment-0043,absent,audit-0008-g01,0.99,生成题没有出现太阳反光，因而不覆盖反光与浪峰相对位置的变化。
judgment-0044,absent,audit-0009-g01,0.92,生成题预测载具相对树木的位置，未判断水面本身相对远岸树木是否稳定。
judgment-0045,partial,audit-0009-g01,0.86,生成题利用载具持续行进预测其相对岸上树木的位置，涉及同一相对运动，但没有给出岸线在相机参照系中的侧向方向。
judgment-0046,absent,audit-0009-g01,0.99,所有生成题都未提及水面反光区域或其随镜头移动的变化。
judgment-0047,direct,audit-0009-g01,0.97,生成题明确以载具保持当前路径继续行进为条件预测其未来位置，实质覆盖载具是否持续前进。
judgment-0048,absent,audit-0009-g01,0.99,生成题只涉及载具和岸上树木，没有识别画面右上方持续可见的物体。
judgment-0049,direct,audit-0009-g01,0.92,生成题预测载具相对树木继续通过后的方位，采用相反参照即可得到远处树木相对观察者的移动方向。
judgment-0050,absent,audit-0010-g03,0.96,生成题讨论球相对旗杆和球洞的运动，没有询问镜头从球员转向旗杆的展示顺序。
judgment-0051,absent,audit-0010-g01,0.98,生成题没有比较镜头推进过程中球员与球洞之间的距离变化。
judgment-0052,absent,audit-0010-g03,0.99,生成题虽涉及旗杆但完全没有沙坑，无法判断旗杆位于沙坑哪侧。
judgment-0053,absent,audit-0010-g01,0.97,生成题提到击球者和果岭上的球，但未判断镜头转向球洞后球员是否仍在画面中。
judgment-0054,absent,audit-0010-g02,0.99,生成题涉及球洞却未提沙坑，无法覆盖球洞相对沙坑的位置。
judgment-0055,absent,audit-0010-g03,0.94,生成题利用最终视角追踪球相对旗杆，却没有判断镜头移动是跟随球还是展示球洞。
judgment-0056,partial,audit-0011-g01,0.92,生成题明确描述无人机正远离相机飞行，但没有比较远离与随后或先前靠近的先后次序。
judgment-0057,partial,audit-0011-g01,0.77,生成题在与垃圾箱水平对齐时比较无人机和电线杆的位置及高度选项，但没有追踪它相对地面的高度变化。
judgment-0058,absent,audit-0011-g02,0.96,生成题只涉及飞离、经过电线杆及起落架状态，没有判断无人机最终是否回到近地面。
judgment-0059,partial,audit-0011-g01,0.92,生成题确认无人机处于远离相机的阶段，但未比较其远离和接近阶段的时间顺序。
judgment-0060,absent,audit-0011-g02,0.98,生成题没有描述无人机降低高度、着陆动作或落到的表面。
judgment-0061,partial,audit-0011-g01,0.83,生成题的无人机远离相机与变小有关且追踪其画面位置，但没有判断其是否保持在画面中央附近。
judgment-0062,direct,audit-0012-g02,0.97,生成题直接询问球停下时相对旗杆的左右和前后位置，旗杆对应洞口位置，覆盖最终停在洞口哪侧。
judgment-0063,absent,audit-0012-g03,0.93,生成题涉及击球后球的位置及两人最终距离，却没有描述另一人走近洞口或比较其与击球的先后。
judgment-0064,partial,audit-0012-g03,0.82,生成题判断结尾两人是否达到最小距离，可能涉及人物走近，但没有明确球员走近洞杯或其发生在击球之后。
judgment-0065,direct,audit-0012-g02,0.97,生成题要求判断球相对旗杆是略过、偏左偏右还是入洞，实质直接给出球最终离洞杯近远的位置。
judgment-0066,absent,audit-0013-g01,0.99,唯一生成题只比较黑色轿车和黄色汽车的遮挡，没有白色皮卡或帐篷区。
judgment-0067,absent,audit-0013-g01,0.99,生成题未提大型透明帐篷，无法判断车辆与帐篷距离变化。
judgment-0068,absent,audit-0013-g01,0.99,生成题没有小帐篷、大型透明帐篷或镜头经过二者的顺序。
judgment-0069,absent,audit-0013-g01,0.99,生成题只涉及两辆汽车，没有透明大帐篷在画面中的侧向位置。
judgment-0070,absent,audit-0013-g01,0.99,生成题描述轿车相对另一辆车行驶和遮挡，不涉及车辆相对帐篷的移动。
judgment-0071,absent,audit-0013-g01,0.97,生成题出现黑色轿车但比较对象是黄色汽车且只问遮挡，没有白色卡车或离画先后。
judgment-0072,partial,audit-0014-g01,0.91,生成题明确马在开头向左作大幅转弯并列出朝相机的可能路径，但没有直接判断实际是否由侧向转为靠近相机。
judgment-0073,partial,audit-0014-g01,0.80,生成题基于马的转弯预测路径，间接涉及与相机的接近关系，但没有追踪骑手到相机的距离变化。
judgment-0074,direct,audit-0014-g01,0.99,生成题明确马在前三秒开始向左大幅转弯，直接覆盖马是否改变行进方向。
judgment-0075,partial,audit-0014-g01,0.83,生成题涉及马的转弯轨迹与场地围栏的关系，但没有给出骑手靠近镜头时马位于围栏哪一侧。
judgment-0076,absent,audit-0014-g01,0.93,生成题只预测若保持初始转弯半径的路径，没有说明马实际接近镜头后从相机哪侧经过。
judgment-0077,absent,audit-0015-g02,0.98,生成题讨论天花板坍塌后的空间结构，没有记者展示与采访住户的时间顺序。
judgment-0078,absent,audit-0015-g01,0.98,生成题定位第二名女子头顶的管道，但没有描述住户用手指向的方向。
judgment-0079,partial,audit-0015-g02,0.91,生成题比较坍塌后若干天花板物体与白色灯具底部的高低，触及缺口和吊灯的空间关系，但未判断缺口在哪一侧。
judgment-0080,absent,audit-0015-g02,0.98,生成题没有采访或记者展示动作，无法判断展示破损是否先于采访。
judgment-0081,partial,audit-0015-g02,0.86,生成题列举坍塌后暴露的管道、门顶与天花板空腔纸箱，但没有直接识别天花板缺失的具体部分。
judgment-0082,absent,audit-0015-g01,0.98,生成题未出现受访者抬手或指向动作。
judgment-0083,direct,audit-0016-g01,0.99,生成题明确要求判断刀具处理后肉是否在结尾被切成两个独立部分，正是工具使用后是否分离。
judgment-0084,partial,audit-0016-g01,0.89,生成题细问工具与肉接触造成的物理变化，却没有出现展示肉块动作或比较二者先后。
judgment-0085,absent,audit-0016-g02,0.94,生成题只判断持刀手是否为右手，没有说明肉块相对男子身体位于哪侧。
judgment-0086,absent,audit-0016-g01,0.97,生成题描述的是刀而非剪刀，也没有放下肉块的动作或时间顺序。
judgment-0087,direct,audit-0016-g01,0.96,生成题具体区分造新孔、穿过既有通道和切开肉块等工具作用，直接覆盖处理肉块的动作目标。
judgment-0088,direct,audit-0016-g01,0.99,生成题把肉是否最终切成两个独立部分列为需判定的状态变化，直接覆盖是否分成更小部分。
judgment-0089,absent,audit-0017-g02,0.98,生成题关注举升车与工具柜及打开的引擎盖高度，没有设备控制盒和发动机舱的展示顺序。
judgment-0090,absent,audit-0017-g02,0.98,生成题没有男子手势或其指向发动机舱的区域。
judgment-0091,partial,audit-0017-g02,0.95,生成题明确引擎盖处于完全打开状态，但只描述一个状态而未验证整个片段持续打开。
judgment-0092,partial,audit-0017-g02,0.95,生成题明确汽车引擎盖完全打开，却未覆盖从片段始末判断状态始终不变的时间要求。
judgment-0093,absent,audit-0017-g02,0.98,生成题未提讲解者的反复指向动作或车辆区域。
judgment-0094,absent,audit-0017-g02,0.99,生成题没有相机从车尾移到车头的过程，也没有讲解手势的先后关系。
judgment-0095,absent,audit-0018-g01,0.99,生成题只描述用刀完整切开鱼的动作，完全没有女子进食或面部表情。
judgment-0096,absent,audit-0018-g01,0.99,生成题没有女子再次取食、明显反应或二者顺序。
judgment-0097,absent,audit-0018-g01,0.99,生成题未出现餐盘及其食物数量变化。
judgment-0098,absent,audit-0018-g01,0.99,生成题讨论切鱼，没有第一次进食和展示餐盘的先后。
judgment-0099,absent,audit-0018-g01,0.99,生成题没有人物吃食物后的面部反应。
judgment-0100,absent,audit-0018-g01,0.99,生成题没有餐盘、洋葱或薯条的相对位置。
judgment-0101,partial,audit-0019-g01,0.91,生成题追踪鳐鱼被遮挡后再出现的位置并判断其身体是否平行岸线，但没有直接比较它相对岸边的位置变化。
judgment-0102,partial,audit-0019-g01,0.83,生成题涉及鳐鱼前后位置和朝向变化，另有男子指向鳐鱼集中处，但没有以人靠近为条件判断鳐鱼是否改向。
judgment-0103,partial,audit-0019-g01,0.92,生成题判断鳐鱼再出现时是否位于两人之间或离某男子最远，覆盖鳐鱼相对人群的位置但只限定一个时刻而非主要所在侧。
judgment-0104,partial,audit-0019-g02,0.78,生成题出现男子向水面伸臂的动作且另一题出现海浪遮挡，但没有比较浪涌时人群后退和伸手的先后。
judgment-0105,partial,audit-0020-g01,0.89,生成题描述飞机由水平飞行转为近乎垂直向上，强烈关联爬升但没有直接比较相对地面高度先升还是先降。
judgment-0106,absent,audit-0020-g01,0.98,生成题没有烟柱或烟柱出现与飞机掠过的顺序。
judgment-0107,absent,audit-0020-g01,0.96,生成题只说明开头两秒的姿态上仰，没有飞机最终从画面哪侧飞离。
judgment-0108,partial,audit-0020-g01,0.87,生成题明确飞行器转为近垂直向上，但未出现烟雾这一时间条件，也未直接追踪位移。
judgment-0109,absent,audit-0020-g01,0.95,生成题描述的是由水平到向上的俯仰变化，不是绕机体纵轴的滚转。
judgment-0110,partial,audit-0020-g01,0.79,生成题涉及飞行器相对地面的姿态并指向上方，但没有给出片段最终相对地平线的高度。
judgment-0111,absent,audit-0021-g01,0.99,生成题讨论镜头平移后急救入口相对立交桥的位置，没有行驶车辆在出口分岔处选道。
judgment-0112,absent,audit-0021-g01,0.98,生成题中的急救入口不是出口匝道，也未比较匝道与主路在驾驶者视角中的左右。
judgment-0113,absent,audit-0021-g01,0.99,生成题没有道路标志出现与车道分离的时间顺序。
judgment-0114,absent,audit-0021-g01,0.99,生成题未追踪车辆经过出口标志后进入的道路分支。
judgment-0115,absent,audit-0021-g01,0.98,生成题比较急救入口和公路结构，而不是出口匝道与主车道的侧向关系。
judgment-0116,absent,audit-0021-g01,0.99,生成题没有黄色车道结束标志或匝道分离事件。
judgment-0117,partial,audit-0022-g01,0.96,生成题指出男子转动渔轮时鱼竿弯曲最明显，覆盖弯曲变化的峰值条件但未描述整个片段的变化过程。
judgment-0118,absent,audit-0022-g01,0.98,生成题只比较收线动作与鱼竿弯曲程度，没有鱼线指向船的哪侧。
judgment-0119,absent,audit-0022-g01,0.99,生成题未讨论男子身体朝向或是否一直面对水面。
judgment-0120,partial,audit-0022-g01,0.88,生成题把最大弯曲与主动摇轮关联，触及钓鱼过程中的弯曲变化，但没有以鱼挣扎为条件。
judgment-0121,partial,audit-0022-g01,0.81,生成题明确男子反复转动渔轮及其导致的竿弯状态，却没有追问收线动作的直接目标。
judgment-0122,absent,audit-0022-g01,0.99,生成题没有出现鱼或鱼在水面附近可见的事实。
judgment-0123,absent,audit-0023-g01,0.99,生成题只描述鱼下潜后由浮标指示位置，没有抄网或收线先后。
judgment-0124,partial,audit-0023-g01,0.80,生成题追踪鱼下潜后在水下的大致位置，但没有把位置变化与码头边缘建立关系。
judgment-0125,absent,audit-0023-g01,0.99,生成题未出现第二个人或抄网相对鱼的上下位置。
judgment-0126,absent,audit-0023-g01,0.96,生成题只说明鱼下潜并不再清晰可见，没有水下绕圈、进入抄网或二者顺序。
judgment-0127,absent,audit-0023-g01,0.99,生成题没有抄网及其从钓鱼者哪侧伸出的动作。
judgment-0128,absent,audit-0023-g01,0.99,生成题没有鱼进入抄网或之后再次离开的事件。
judgment-0129,partial,audit-0024-g01,0.86,生成题明确绳索绕在左前臂并判断绕动方向，触及身体侧别，但没有抛绳后绳圈落点。
judgment-0130,absent,audit-0024-g01,0.98,生成题只涉及绕左前臂的动作，没有展示绳端、抛向地面或二者先后。
judgment-0131,partial,audit-0024-g01,0.91,生成题描述绳索绕前臂的环绕运动，明显涉及成圈，但未判断操作结束后是否形成独立明显线圈。
judgment-0132,partial,audit-0024-g01,0.82,生成题追踪绳索的环绕操作，属于绳索形态变化，但没有判断是否随过程逐渐展开。
judgment-0133,absent,audit-0024-g01,0.95,生成题的左前臂是绕绳位置而非绳索末端最初所在侧，缺少初始端点事实。
judgment-0134,partial,audit-0025-g01,0.76,生成题描述车辆沿弯曲坡道上行，涉及车辆在坡道上的方向变化，但未覆盖下坡进入停车区后的实际改向。
judgment-0135,absent,audit-0025-g01,0.98,生成题没有出口或出口在驾驶者视角中的侧别。
judgment-0136,partial,audit-0025-g01,0.80,生成题同时涉及车辆沿弯坡移动和左侧白色低墙的遮挡，但没有比较接近墙与转回坡道的先后。
judgment-0137,partial,audit-0025-g01,0.74,生成题确认车辆在弯曲坡道上运动，却没有说明驶出坡道后的转向侧。
judgment-0138,direct,audit-0025-g01,0.96,生成题明确车辆沿弯曲坡道行驶时实心白墙位于画面左侧，覆盖转弯前白墙相对车辆的侧向位置。
judgment-0139,direct,audit-0026-g01,0.99,生成题直接判断女子运动是靠近还是远离相机，覆盖游泳者靠近相机时距离减小的核心关系。
judgment-0140,partial,audit-0026-g02,0.89,生成题描述女子持续向相机前游并以接触持相机者双手为目标，但没有直接判断身体主要面向还是背向相机。
judgment-0141,direct,audit-0026-g02,0.94,生成题把伸向持相机者双手的最终动作置于持续向前游近之后，实质覆盖伸手与到达近处的时间关系。
judgment-0142,partial,audit-0026-g01,0.88,生成题全程追踪女子向相机靠近，但没有判断她在这段期间是否始终保持面向相机。
judgment-0143,direct,audit-0026-g01,0.99,生成题明确要求比较女子运动时与相机的距离，直接覆盖二者距离随接近而减小。
judgment-0144,absent,audit-0026-g02,0.97,生成题只给出持续前游轨迹和最终空间目标，没有识别到达近处前所用泳姿。
judgment-0145,absent,audit-0027-g01,0.96,生成题考察哪些物体只在镜中可见，没有镜子与桌面灯具被镜头展示的先后。
judgment-0146,absent,audit-0027-g01,0.98,生成题提到白色灯罩却没有点亮的圆柱灯或白色花瓶的左右关系。
judgment-0147,absent,audit-0027-g01,0.99,生成题没有手指接近灯口或灯光状态变化。
judgment-0148,absent,audit-0027-g01,0.96,生成题涉及镜中物体但没有镜子与发光装饰灯的展示顺序。
judgment-0149,absent,audit-0027-g01,0.94,生成题出现灯罩和镜中相框文字，但没有圆柱灯、花瓶及三者的相对位置。
judgment-0150,absent,audit-0027-g01,0.99,生成题没有手指接触灯顶或接触后的灯光状态。
judgment-0151,partial,audit-0028-g01,0.94,生成题直接判断男子第二个手势的主要运动方向，但没有把该手势限定为从远处走近之后。
judgment-0152,absent,audit-0028-g01,0.98,生成题只描述三个手势，没有男子与相机距离的变化。
judgment-0153,absent,audit-0028-g01,0.95,生成题提到双手可能上移的手势选项，但没有停止行走与举起双手的时间顺序。
judgment-0154,absent,audit-0028-g01,0.99,生成题没有男子走向镜头前手持的物体。
judgment-0155,partial,audit-0028-g01,0.91,生成题明确男子做三种手势并细问第二个，覆盖停下后动作内容但缺少“停下后”的时间条件。
judgment-0156,partial,audit-0028-g01,0.83,生成题判断手部相对身体的运动方向，却没有确定手势总体朝相机还是朝海面。
judgment-0157,absent,audit-0029-g02,0.92,生成题说明相机沿道路前进并展示周围环境，但没有判断道路是否始终居于两侧牧场中央。
judgment-0158,absent,audit-0029-g02,0.99,生成题未出现牛群，无法比较进入直路段与经过牛群的先后。
judgment-0159,absent,audit-0029-g02,0.99,生成题没有牛群相对道路的侧向位置。
judgment-0160,partial,audit-0029-g02,0.82,生成题描述先左右扫视景观再回到道路前进，其他题明确若干马的出现时刻，但未直接比较农田转道路与首次看到马的先后。
judgment-0161,partial,audit-0029-g01,0.88,生成题具体提到道路左侧树木、围栏边马、玉米地和远处建筑，覆盖道路两侧环境但没有概括主要分布物。
judgment-0162,absent,audit-0029-g03,0.99,所有生成题都没有观察者影子或其在道路上的延伸方向。
judgment-0163,absent,audit-0030-g01,0.92,生成题只描述狗在八码至十三秒横向从右到左移动，没有远离相机与返回附近的先后。
judgment-0164,direct,audit-0030-g01,0.99,生成题直接比较狗由靠近右侧栏杆移动到靠近左侧围栏的过程，覆盖其与右栏杆距离增大的变化。
judgment-0165,absent,audit-0030-g01,0.97,生成题追踪横向位置但没有狗跑远时是否短暂脱离清晰可见范围。
judgment-0166,partial,audit-0030-g01,0.86,生成题涉及狗横穿栈道及其相对右栏杆的位置变化，但没有比较沿栈道远离和转向栏杆的次序。
judgment-0167,direct,audit-0030-g01,0.99,生成题明确狗从靠近右栏杆的一侧横移到左侧围栏，直接给出与右栏杆距离如何变化。
judgment-0168,absent,audit-0030-g01,0.96,生成题没有狗在远处变小或其后是否仍可持续追踪。
judgment-0169,absent,audit-0031-g01,0.98,生成题只推演骑手左转九十度后的地标方向，没有水翼板是否持续离水滑行。
judgment-0170,partial,audit-0031-g01,0.87,生成题以海岸和海滩为地标判断转向后的行进方向，触及岸线距离关系但没有追踪实际距离变化。
judgment-0171,absent,audit-0031-g01,0.99,生成题未描述水翼板相对水面的高度或稳定性。
judgment-0172,absent,audit-0031-g01,0.99,生成题没有判断水翼板在整个运动中是否高于水面。
judgment-0173,partial,audit-0031-g01,0.91,生成题要求据当前运动推断左转后相对海滩和岸线的新方向，明显相关但询问的是反事实新方向而非实际朝岸边的运动方向。
judgment-0174,absent,audit-0031-g01,0.98,生成题没有身体姿势调整或其即时目标。
judgment-0175,partial,audit-0032-g02,0.88,生成题涉及三秒处高球被绿队拦截及潜在接球队员，另题给出最终射门偏出侧，但没有连续描述边路至门前的轨迹变化。
judgment-0176,partial,audit-0032-g02,0.94,生成题明确高球先被绿队防守者截下，覆盖球先到绿队一方的事实，但未直接与守门员附近作二选一比较。
judgment-0177,partial,audit-0032-g02,0.88,生成题追踪高球潜在的接球路径和最后射门方位，但没有给出从边路到球门区的完整轨迹变化。
judgment-0178,partial,audit-0032-g02,0.80,生成题判断绿队防守者截高球时各蓝队员的潜在接球位置，涉及防守空间目标但没有说明回撤要封堵的区域。
judgment-0179,absent,audit-0033-g01,0.92,生成题只给出三脚架在画面中由右向左的变化，没有判断它在沙发前方还是后方。
judgment-0180,absent,audit-0033-g01,0.97,生成题仅提一只黑色落地音箱在平移后消失，没有白色吸音板与黑色音箱的交替分布。
judgment-0181,absent,audit-0033-g01,0.96,生成题没有窗边吸音板，也未比较它与中央三脚架的展示先后。
judgment-0182,partial,audit-0033-g01,0.90,生成题同时追踪三脚架的画面横移和沙发上新出现的靠枕，但没有直接计算三脚架相对沙发的位置变化。
judgment-0183,absent,audit-0033-g01,0.98,生成题没有判断三脚架支撑在沙发坐垫还是地面。
judgment-0184,absent,audit-0033-g01,0.98,生成题没有深浅吸音板之间的侧向分布。
judgment-0185,absent,audit-0034-g02,0.99,生成题只检查驾驶舱内部方向盘和收音机，没有两人讨论发动机舱与展示驾驶室的顺序。
judgment-0186,absent,audit-0034-g02,0.99,生成题没有绿色上衣男子及其面向同伴或汽车的朝向。
judgment-0187,partial,audit-0034-g02,0.91,生成题以驾驶者视角判断收音机在方向盘右侧，覆盖方向盘的舱内参照关系，但没有直接问它位于画面哪侧。
judgment-0188,absent,audit-0034-g01,0.98,生成题描述仪表台平移及方向盘遮挡，没有发动机舱与驾驶舱的展示先后。
judgment-0189,absent,audit-0034-g02,0.99,生成题没有两名男子交谈时的身体朝向。
judgment-0190,partial,audit-0034-g01,0.88,生成题明确相机横扫仪表台并观察方向盘遮挡，触及转向驾驶舱的展示对象，但没有直接判断镜头动作的目标。
judgment-0191,partial,audit-0035-g03,0.87,生成题追踪黄队从右路传中时队友位置及之后首射和进球者角色，但未明确传中到门前后哪队先触球。
judgment-0192,partial,audit-0035-g01,0.84,生成题区分第二次射门与最终进球并定位门前球员，涉及多阶段门前进攻，但没有判断球是否在混战中改变方向。
judgment-0193,partial,audit-0035-g01,0.82,生成题定位第二次射门瞬间守门员在射手与门线之间，但没有说明扑救针对从哪一侧来的球。
judgment-0194,partial,audit-0036-g01,0.96,生成题判断蓝色橡皮筋被钩针操作时处于张紧、扭曲或压缩等状态，覆盖结构状态但没有明确操作前后如何变化。
judgment-0195,absent,audit-0036-g01,0.99,生成题没有黄色工具或它相对编织板的侧向位置。
judgment-0196,partial,audit-0036-g01,0.96,生成题细分蓝色橡皮筋在钩针操纵中的物理状态，明显涉及编织结构，却未描述结构随操作的连续变化。
judgment-0197,absent,audit-0036-g01,0.99,生成题没有操作者最终把工具移向织机哪侧。
judgment-0198,absent,audit-0037-g01,0.96,生成题只判断射门前是否有防守者挡在线路上，没有射门结果是否得分。
judgment-0199,absent,audit-0037-g01,0.99,生成题没有守门员扑救方向。
judgment-0200,partial,audit-0037-g01,0.86,生成题确认射门前球与球门中心连线上仍有蓝队防守者，涉及突破后的防守局面，但没有判断此前是否突破多名防守者。
judgment-0201,absent,audit-0037-g01,0.98,生成题没有球是否入门或进入球门哪一侧。
judgment-0202,absent,audit-0037-g01,0.99,生成题未描述球向画面右侧飞行或守门员向同侧扑出。
judgment-0203,partial,audit-0038-g03,0.91,生成题说明相机平移以展示摄影者，另题明确薰衣草田环境，但没有比较人物出现与扫过花田的先后。
judgment-0204,absent,audit-0038-g02,0.95,生成题同时提薰衣草田和远山，却未给出花田行列相对远山的延伸方向。
judgment-0205,direct,audit-0038-g01,0.99,生成题直接追踪相机从右向左平移时远处大山峰在近山右侧的可见量变化，覆盖远山相对画面位置的变化。
judgment-0206,partial,audit-0038-g02,0.88,生成题以摄影者的设备和环境判断其拍摄山脉与薰衣草田的意图，覆盖人物周围主要景物但未明确限定为人物出现前。
judgment-0207,absent,audit-0038-g03,0.98,生成题只定位远处石屋相对摄影者的位置，没有田间箱子或人物经过后的侧别。
judgment-0208,partial,audit-0038-g01,0.84,生成题考察平移时远近山峰重叠与可见量，且另一题提及花田，但没有直接判断山峰与花田的上下关系是否改变。
judgment-0209,absent,audit-0039-g01,0.99,生成题只比较蓝帽男孩和浅绿衣女孩的左右位置，没有女子穿过石门的动作。
judgment-0210,absent,audit-0039-g01,0.99,生成题没有门洞或女子穿门时身体朝向。
judgment-0211,absent,audit-0039-g01,0.99,生成题未涉及女子进门前后与相机的距离。
judgment-0212,absent,audit-0039-g01,0.99,生成题没有女子侧身进入石门的事实。
judgment-0213,absent,audit-0039-g01,0.99,生成题没有石墙遮挡或女子通过门洞的前后阶段。
judgment-0214,absent,audit-0039-g01,0.99,生成题没有石门及突出石块在门洞两侧的分布。
judgment-0215,absent,audit-0040-g01,0.93,生成题细问盖板如何打开舱室，没有座椅和中央台面的展示顺序。
judgment-0216,absent,audit-0040-g01,0.96,生成题没有长形座垫相对中央台面的侧向位置。
judgment-0217,direct,audit-0040-g02,0.99,生成题明确抬起盖板后露出地板下方的空舱，直接覆盖移动盖板造成船内空间状态改变。
judgment-0218,absent,audit-0040-g02,0.97,生成题没有男子先后指向座椅和地板的动作顺序。
judgment-0219,absent,audit-0040-g01,0.98,生成题未出现方向盘或其相对蓝白座椅的位置。
judgment-0220,direct,audit-0040-g02,0.96,生成题表明讲解者抬起盖板是为了展示可开启的地板下空舱，实质覆盖手势要展示的船内区域。
judgment-0221,absent,audit-0041-g01,0.96,生成题只推断若保持直线会撞向岩石，没有冲浪者靠近岩石后是否与板分离。
judgment-0222,partial,audit-0041-g01,0.93,生成题明确从起点直行的路径会直接到达岩石，覆盖人与岩石接近的空间趋势，但不是实际距离随时间的变化。
judgment-0223,absent,audit-0041-g01,0.99,生成题没有人与板分离或浪花遮挡事件，无法比较先后。
judgment-0224,absent,audit-0041-g01,0.96,生成题涉及接近岩石的潜在路径，但完全未问是否离开冲浪板。
judgment-0225,partial,audit-0041-g01,0.93,生成题判断直线行进将抵达岩石，相关地覆盖距离缩短，但没有追踪真实动作中的距离变化。
judgment-0226,partial,audit-0041-g01,0.90,生成题明确直行会撞上岩石，因而触及规避岩石这一目标，但未出现下板动作或其实际动机。
judgment-0227,partial,audit-0042-g02,0.78,生成题出现港口码头的小船并限定早段平移，却没有大型起重桥或两者展示顺序。
judgment-0228,absent,audit-0042-g02,0.98,生成题提到港口小船但没有红色灯塔，无法判断二者位置分布。
judgment-0229,absent,audit-0042-g01,0.96,生成题中的高点弧线物体未被说明为起重桥，也没有场景切换后桥在相机上方或前方的关系。
judgment-0230,absent,audit-0042-g02,0.99,生成题没有红色灯塔和升降桥的展示先后。
judgment-0231,absent,audit-0042-g02,0.96,生成题只把蓝色小船描述为停靠码头，没有其相对防波堤的移动。
judgment-0232,absent,audit-0042-g01,0.94,生成题没有明确升降桥桥面或其是否抬起。
judgment-0233,direct,audit-0043-g03,0.97,生成题把鱼竿形状变化后的相机运动解释为把物体从水中带到岸边，另一题明确最终鱼上沙滩，覆盖弯竿后鱼到岸。
judgment-0234,direct,audit-0043-g02,0.99,生成题直接判断鱼从水中移到沙滩的机制，完整覆盖由水中到岸边的事件顺序。
judgment-0235,partial,audit-0043-g03,0.83,生成题提到鱼竿形状变化和随后的镜头移动，但没有给出弯曲方向相对海面的变化。
judgment-0236,direct,audit-0043-g03,0.96,生成题明确鱼竿形状改变后随即移动镜头以把水中物体带到岸边，并由另一题确认最终鱼上沙，覆盖所问时序。
judgment-0237,partial,audit-0043-g03,0.90,生成题以鱼竿形状变化为推理依据，但没有量化弯曲程度如何随时间改变。
judgment-0238,partial,audit-0043-g02,0.91,生成题明确鱼最终从水中到达沙滩，相关地定位于岸侧，但没有以浪线为参照明确陆侧或海侧。
judgment-0239,absent,audit-0044-g03,0.97,生成题讨论控制塔、航站楼和停机飞机的视位置，没有机场地面与机翼距离变化。
judgment-0240,absent,audit-0044-g01,0.94,生成题比较控制塔与航站楼，而非航站楼相对机翼从前到后的变化。
judgment-0241,partial,audit-0044-g03,0.87,生成题追踪起初停放的飞机群被发动机和飞机运动遮住且不再出现，涉及停机坪背景的画面变化但没有给出其移动方向。
judgment-0242,absent,audit-0044-g03,0.98,生成题没有机翼与跑道在画面上下方向的持续关系。
judgment-0243,partial,audit-0044-g01,0.77,生成题说明观察飞机正在相对航站楼和控制塔移动，但没有判断经过航站楼上空时是否已经离地。
judgment-0244,direct,audit-0045-g02,0.99,生成题明确蓝衣男子先靠近旧车并打开车门，直接覆盖开门发生在走近车辆之后。
judgment-0245,partial,audit-0045-g01,0.92,生成题锁定驾驶侧车门完全打开的状态，但只问它遮住何物，没有判断车内空间是否显露。
judgment-0246,partial,audit-0045-g01,0.80,生成题聚焦驾驶侧车门并定位两人靠近车侧，相关于查看车辆侧面，但没有与尾部作直接比较。
judgment-0247,direct,audit-0045-g01,0.99,生成题明确指出完全打开的是驾驶员一侧车门，直接回答打开哪扇门。
judgment-0248,direct,audit-0045-g01,0.99,生成题把车门状态明确描述为完全打开，覆盖由关闭到打开的状态变化。
judgment-0249,partial,audit-0045-g02,0.84,生成题描述两人靠近并打开驾驶侧车门，暗示检查车内，但没有在查看外观与内饰之间明确判断目标。
judgment-0250,absent,audit-0046-g02,0.98,生成题比较不同风筝之间的垂直关系，没有树线作为参照。
judgment-0251,partial,audit-0046-g03,0.86,生成题明确绿风筝由滑翔转为向下翻滚或可能快速上升，覆盖飞行高度变化，但未相对树梢测量。
judgment-0252,absent,audit-0046-g03,0.99,生成题没有末段地面人物或其是否面向飞行物。
judgment-0253,partial,audit-0047-g02,0.88,生成题判断加工令深色木柱表面更具反光性，覆盖表面加工结果但不是表面形状变化。
judgment-0254,absent,audit-0047-g02,0.97,生成题描述加工效果，没有启动车床与工具接触木杆的先后。
judgment-0255,absent,audit-0047-g01,0.93,生成题只比较两根圆柱在粉色表面的左右位置，没有比较成品和对照木杆的长度。
judgment-0256,direct,audit-0047-g02,0.99,生成题直接判断加工过程使深色木柱表面更有反光性，覆盖加工前后的表面变化。
judgment-0257,direct,audit-0047-g02,0.94,生成题把加工过程与提高木柱表面反光性直接关联，实质覆盖工具接触旋转木杆的表面处理目标。
judgment-0258,absent,audit-0047-g01,0.89,生成题虽出现加工后的深浅两根圆柱，却只问它们最终相对位置，没有比较形状是否相同。
judgment-0259,partial,audit-0048-g01,0.90,生成题持续比较输电塔和高层白楼的空间关系，但只问左右及可见性，不判断谁在前景或远景。
judgment-0260,partial,audit-0048-g01,0.93,生成题明确相机向右平移并比较输电塔与白楼的初末关系，覆盖相对画面位置变化，但没有直接问塔向哪侧移动。
judgment-0261,absent,audit-0048-g01,0.99,生成题没有云层或其与输电线的遮挡重叠。
judgment-0262,absent,audit-0048-g01,0.96,生成题只比较平移开始和结束时塔与楼的位置，没有输电塔进入画面中央的时刻。
judgment-0263,absent,audit-0048-g01,0.98,生成题没有输电线相对城市建筑的上下关系。
judgment-0264,direct,audit-0049-g01,0.99,生成题明确操作三个红色拨杆会把轮部从锁定变为解锁，直接覆盖操作后轮部状态改变。
judgment-0265,absent,audit-0049-g01,0.98,生成题没有触碰车架与转动后轮部件的先后。
judgment-0266,partial,audit-0049-g01,0.81,生成题定位三个红色拨杆在轮毂正面并描述其转动方向，但没有说明折叠机构位于后轮哪一侧。
judgment-0267,absent,audit-0049-g01,0.98,生成题没有调整车架动作，无法与转动后轮比较顺序。
judgment-0268,direct,audit-0049-g01,0.99,生成题明确后轮机构由锁定转换为解锁状态，完整覆盖组件操作中的状态变化。
judgment-0269,direct,audit-0049-g01,0.99,生成题直接说明转动轮毂红色拨杆的目标是把轮子从锁定切换为解锁。
judgment-0270,absent,audit-0050-g02,0.98,生成题提到座杆、制动和电子显示但没有电池在车架上的位置。
judgment-0271,absent,audit-0050-g03,0.96,生成题比较车把和后货架的视位置，没有后货架与后轮的垂直关系。
judgment-0272,partial,audit-0050-g01,0.94,生成题直接描述相机从车右侧沿弧线绕到左侧，覆盖视角导致的左右朝向变化，但没有直接表述车身朝向如何改变。
judgment-0273,direct,audit-0050-g03,0.98,生成题明确以该车的后货架为参照比较车把，直接证实自行车装有后货架。
judgment-0274,partial,audit-0050-g01,0.84,生成题完整描述相机绕车的弧形路径，但没有追踪前轮在画面中的相对位置变化。
judgment-0275,partial,audit-0051-g02,0.94,生成题说明男孩收拢鞋子站起后转身面向不锈钢冰箱，覆盖目的方向但没有明确说随后走到哪里。
judgment-0276,partial,audit-0051-g01,0.79,生成题涉及收拢一堆鞋并站起的过程，但没有整理鞋带动作或与站立的先后。
judgment-0277,direct,audit-0051-g01,0.99,生成题直接判断鞋堆是否晃动及单只鞋相对位置和角度是否改变，完整覆盖双臂中鞋子是否稳定。
judgment-0278,partial,audit-0051-g01,0.72,生成题描述收拢鞋子后站起，可能对应蹲下后的抱起过程，但参考中的设备实体与生成题鞋堆不一致。
judgment-0279,absent,audit-0051-g01,0.97,生成题没有设备上的橙色束带或其是否固定。
judgment-0280,partial,audit-0051-g02,0.79,生成题给出抱鞋者起身后转向厨房冰箱的方向，但参考要求抱着设备且没有明确把转身等同于行走。
judgment-0281,absent,audit-0052-g01,0.96,生成题只询问驾驶员转方向盘的侧向，没有从后座判断驾驶员坐在车辆哪侧。
judgment-0282,direct,audit-0052-g01,0.95,生成题明确驾驶员向某侧转动方向盘并因此让汽车沿赛道弯道转向，实质覆盖车辆行进方向如何改变。
judgment-0283,absent,audit-0052-g01,0.99,生成题没有副驾驶进入画面或其与转向的时间关系。
judgment-0284,absent,audit-0052-g01,0.96,生成题没有驾驶员相对后座观察者的左右位置。
judgment-0285,partial,audit-0053-g01,0.88,生成题明确男子出现并看向相机的时刻及远处海景方位，但没有比较空海滩与面部谁先被展示。
judgment-0286,partial,audit-0053-g01,0.91,生成题从男子视角定位隔水远山的方向，间接确定海面所在方向，但没有直接问海面位于其哪侧。
judgment-0287,absent,audit-0053-g01,0.96,生成题没有相机转向自拍的运动或地平线在画面中的移动。
judgment-0288,partial,audit-0053-g01,0.88,生成题同时涉及男子面部出现与隔水远山海岸环境，但未建立海岸和面部的镜头顺序。
judgment-0289,partial,audit-0053-g01,0.82,生成题只给出男子看向相机时远山和海水相对他的方向，没有追踪转头后改为面向哪里。
judgment-0290,absent,audit-0053-g01,0.99,生成题没有浪线或其相对沙滩边缘的推进。
judgment-0291,direct,audit-0054-g01,0.99,生成题明确男子从室内架上取下两只鸭并把同两只带出建筑，直接覆盖取鸟后的去向。
judgment-0292,absent,audit-0054-g01,0.94,生成题覆盖从顶层架取下并带出，但没有鸟被放到桌面的状态或顺序。
judgment-0293,absent,audit-0054-g01,0.99,生成题没有统计室外共同处理鸟的人数。
judgment-0294,direct,audit-0054-g01,0.99,生成题明确先从室内顶架取下两只鸟，随后将它们带出建筑，直接覆盖先取下后走向室外。
judgment-0295,absent,audit-0054-g01,0.98,生成题只说男子把鸟带出建筑，没有交给室外其他人。
judgment-0296,direct,audit-0054-g01,0.99,生成题明确取下的同两只鸟随后被带出建筑，直接回答带向室外。
judgment-0297,partial,audit-0055-g02,0.82,生成题借背景车辆依次被白车遮挡来追踪相对运动，但没有描述白车绕场地时行驶方向持续如何改变。
judgment-0298,absent,audit-0055-g02,0.96,生成题没有白车最接近相机的时刻或与转弯的先后。
judgment-0299,absent,audit-0055-g02,0.93,生成题关注遮挡顺序和背景车左右关系，没有白车车头朝向的变化。
judgment-0300,absent,audit-0055-g02,0.91,生成题中的背景车辆被白车遮住不等同于白车绕障碍，未问行驶轨迹形状。
judgment-0301,absent,audit-0055-g01,0.96,生成题没有白车最终车头是否朝向相机。
judgment-0302,absent,audit-0055-g02,0.98,生成题没有轮胎障碍或维持当前转向后的未来距离。
judgment-0303,partial,audit-0056-g01,0.93,生成题推断车辆在视频开始前刚完成急剧右转，覆盖弯道方向但没有直接给出片段内俯视行驶方向。
judgment-0304,absent,audit-0056-g01,0.99,生成题没有溪流或汽车与溪流距离随弯道的变化。
judgment-0305,partial,audit-0056-g01,0.87,生成题把急剧右转置于视频开始前并依据开头可见道路推断，相关于急弯先于当前路段，但没有明确当前是否为较直路段。
judgment-0306,absent,audit-0056-g01,0.99,生成题只出现一辆汽车，没有两车在弯道上的前后关系。
judgment-0307,absent,audit-0056-g01,0.98,生成题没有溪流，无法判断道路绕其哪侧弯曲。
judgment-0308,partial,audit-0057-g02,0.95,生成题直接询问哪辆车始终停在红色越野车左侧，覆盖一侧邻车关系，但没有同时给出红车相对两侧车辆的完整位置。
judgment-0309,direct,audit-0057-g01,0.99,生成题把手首次入画时指向红车备胎、尾灯、后窗或车顶作为明确选项，直接覆盖备胎还是车身的目标判断。
judgment-0310,absent,audit-0057-g01,0.97,生成题没有镜头先展示左后侧还是正后方的顺序。
judgment-0311,partial,audit-0057-g01,0.90,生成题把备胎列为红车上被指的具体区域，确认其在车辆外部，但没有明确其安装在车的什么位置。
judgment-0312,partial,audit-0057-g02,0.91,生成题判断蓝车等候选车辆是否始终位于红车左侧，触及蓝车侧向关系，但未问相机绕车尾时从哪侧出现。
judgment-0313,direct,audit-0057-g01,0.99,生成题直接在备胎与车顶等区域间判断手势目标，完整覆盖备胎还是车顶。
judgment-0314,absent,audit-0058-g01,0.96,生成题只问跟拍无人机时面包车在画面中的视运动，没有无人机相对树线的高度。
judgment-0315,partial,audit-0058-g01,0.88,生成题通过背景面包车的反向视运动反映相机跟随无人机的平移方向，可关联无人机飞离侧，但没有直接给出场地哪侧。
judgment-0316,absent,audit-0058-g01,0.98,生成题没有飞行器从地面起飞后的高度变化。
judgment-0317,absent,audit-0058-g01,0.94,生成题只描述末段跟拍造成面包车的表观运动，没有升空前地面车辆是否真实移动。
judgment-0318,absent,audit-0058-g01,0.98,生成题没有树线参照或无人机最终在其上方的关系。
judgment-0319,absent,audit-0059-g01,0.97,生成题讨论一次转向浪花主动力区的动作目的，没有冲浪者全程是否保持站立。
judgment-0320,partial,audit-0059-g01,0.82,生成题定位末段转回破浪区的动作，但没有描述冲浪者消失在浪后或比较二者先后。
judgment-0321,partial,audit-0059-g01,0.91,生成题明确冲浪者在九至十一秒转回破浪方向，证明至少一次反向机动，但未判断是否完成不止一次方向相反的明显转向。
judgment-0322,partial,audit-0059-g01,0.94,生成题直接说明冲浪者机动后回到破浪区和主动力区，覆盖相对浪峰的位置变化但不是全片段的完整轨迹。
judgment-0323,absent,audit-0059-g01,0.97,生成题没有浪破碎后冲浪者是否继续站立。
judgment-0324,partial,audit-0060-g02,0.86,生成题追踪移动黑车依次被两名人群成员遮挡，说明车在接近人群区域，但没有直接量化二者距离变化。
judgment-0325,absent,audit-0060-g02,0.96,生成题没有人群为靠近车辆让出行驶空间的动作。
judgment-0326,absent,audit-0060-g02,0.97,生成题只给出黑车被人遮挡的顺序，没有到达人群前车头是否改向。
judgment-0327,absent,audit-0060-g02,0.97,生成题未判断黑车接近人群时朝向改变。
judgment-0328,absent,audit-0060-g02,0.96,生成题没有人群在车辆靠近前向两侧让开的事件。
judgment-0329,absent,audit-0060-g02,0.98,生成题没有车辆最终停车或停在人群哪侧。
judgment-0330,partial,audit-0061-g01,0.86,生成题基于十三秒处大象沿铺装路的朝向推断左转后的路径，覆盖行进方向但没有直接判断骑象者面向哪里。
judgment-0331,absent,audit-0061-g01,0.99,生成题没有随行步行者或其与大象的前后关系变化。
judgment-0332,absent,audit-0061-g01,0.96,生成题把白色建筑列为反事实转向后的潜在路径物体，没有大象经过住宅和到达停放车辆的先后。
judgment-0333,absent,audit-0061-g01,0.98,生成题没有骑手在行走全程是否面向前方。
judgment-0334,absent,audit-0061-g01,0.99,生成题没有随行人员，无法比较与大象的前后关系。
judgment-0335,partial,audit-0061-g01,0.86,生成题以建筑等地标推断大象若左转后的运动目标，但没有判断其实际最终是朝建筑还是远离建筑。
judgment-0336,direct,audit-0062-g02,0.98,生成题明确相机先横扫景观再迅速转向人物作惊喜揭示，直接覆盖先展示海边果岭后出现自拍者的顺序。
judgment-0337,absent,audit-0062-g01,0.94,生成题只定位人物始终在显眼树木左侧，未判断树木相对海岸在哪侧。
judgment-0338,partial,audit-0062-g02,0.90,生成题描述从景观快速转向自拍人物的镜头结构，涵盖果岭离开视野的过程但没有说明从画面哪侧移出。
judgment-0339,direct,audit-0062-g02,0.99,生成题明确先平移展示海岸景观再快速转向最后出现的人物，直接覆盖展示顺序。
judgment-0340,absent,audit-0062-g01,0.96,生成题提供人物与树的左右关系，没有孤立树相对果岭的侧别。
judgment-0341,partial,audit-0062-g02,0.85,生成题确认相机横扫海岸景观，但没有给出海岸线相对画面的具体移动方向。
judgment-0342,absent,audit-0063-g01,0.99,生成题只讨论车辆过弯时车身与行驶方向的夹角，没有敞篷车顶状态变化。
judgment-0343,absent,audit-0063-g01,0.99,生成题没有车顶移动事件，无法与进入弯道比较先后。
judgment-0344,absent,audit-0063-g01,0.99,生成题没有车顶收起或之后驾驶者可见性。
judgment-0345,direct,audit-0063-g01,0.99,生成题直接判断车辆过弯时车身朝向相对行进方向是外甩、内倾还是对齐，覆盖驶入弯道后的朝向改变。
judgment-0346,absent,audit-0063-g01,0.98,生成题没有汽车与拍摄车辆之间的距离变化。
judgment-0347,absent,audit-0063-g01,0.94,生成题讨论弯道中车身方向但未涉及驾驶员在弯道前的面部朝向。
judgment-0348,partial,audit-0064-g01,0.88,生成题说明片尾手中零件原本是独立件且用于装到墙内装置前方，但没有明确它是否由钳子从墙内取下。
judgment-0349,partial,audit-0064-g01,0.87,生成题比较零件原始用途与片尾手持状态，涉及零件和墙上装置的位置变化，但没有明确墙洞内外轨迹。
judgment-0350,absent,audit-0064-g01,0.97,生成题没有钳子松开或手拿零件的动作先后。
judgment-0351,absent,audit-0064-g01,0.92,生成题反而说明手中物原本是用于安装的独立件，没有钳子夹住墙内零件并取出的事实。
judgment-0352,absent,audit-0064-g01,0.99,生成题没有工具相对瓷砖孔洞是否始终在右侧。
judgment-0353,absent,audit-0064-g01,0.98,生成题没有操作者拉动钳子的动作或其直接目标。
judgment-0354,partial,audit-0065-g01,0.89,生成题依据三名年轻人的朝向和后续运动判断其向前跟随或转回相机的目标，覆盖一组行人方向但不代表整体人流。
judgment-0355,absent,audit-0065-g01,0.97,生成题没有镜头前进时两侧店铺相对位置变化。
judgment-0356,absent,audit-0065-g01,0.99,生成题没有绿色招牌和大型红色招牌的出现顺序。
judgment-0357,absent,audit-0065-g01,0.93,生成题判断三人组的即时移动目标，而非观察者自身沿商场通道前进还是后退。
judgment-0358,absent,audit-0065-g01,0.99,生成题没有红色招牌商店相对通道的侧别。
judgment-0359,absent,audit-0065-g01,0.98,生成题没有迎面行人经过相机后的可见性。
judgment-0360,absent,audit-0066-g01,0.99,生成题只判断遛狗者每次停下时狗是否坐下，没有广场人群聚集成队伍。
judgment-0361,absent,audit-0066-g01,0.99,生成题没有华盛顿纪念碑或其相对人群方向。
judgment-0362,absent,audit-0066-g01,0.99,生成题没有纪念碑与台阶旁队伍的展示顺序。
judgment-0363,absent,audit-0066-g01,0.99,生成题没有人群密度随镜头移动的变化。
judgment-0364,absent,audit-0066-g01,0.99,生成题没有纪念碑和水池的相对方向。
judgment-0365,absent,audit-0066-g01,0.99,生成题没有推婴儿车者横穿画面的动作。
judgment-0366,direct,audit-0067-g01,0.99,生成题以“若改为左转而不是右转”明确实际选择了右转，直接覆盖摩托车在路口的行进方向。
judgment-0367,direct,audit-0067-g01,0.98,生成题明确实际转弯方向为右侧，实质覆盖从骑手视角目标道路位于右侧。
judgment-0368,absent,audit-0067-g01,0.99,生成题没有红色房屋或转弯与经过房屋的顺序。
judgment-0369,direct,audit-0067-g01,0.99,生成题明确驾驶者实际在路口向右而非向左转弯，直接回答转弯侧。
judgment-0370,partial,audit-0067-g01,0.86,生成题推断若左转则白色面包车会位于驾驶者左侧，涉及白车相对骑手方位但不是其最初位置。
judgment-0371,direct,audit-0068-g01,0.96,生成题直接询问店员通过何种空间动作把大型甜点放入展示柜，覆盖绿色甜点最终放入玻璃展示柜的去向。
judgment-0372,absent,audit-0068-g01,0.97,生成题没有顾客到达柜台的时刻，无法比较甜点出现先后。
judgment-0373,partial,audit-0068-g01,0.94,生成题判断甜点从前方、后方或开口被放入玻璃展示柜，覆盖相对柜台的位置变化但没有直接给出左或右侧。
judgment-0374,absent,audit-0068-g03,0.93,生成题只判断初始广角中店亭位于圣诞树右侧，没有圣诞树与蛋糕柜台的镜头展示顺序。
judgment-0375,absent,audit-0068-g02,0.99,生成题没有绿色蛋糕上的装饰形状。
judgment-0376,partial,audit-0068-g01,0.93,生成题细问蛋糕经前玻璃、后滑门或底部开口进入展示柜，直接相关于移动方向，但未明确最终是否朝展示柜前方。
judgment-0377,partial,audit-0069-g01,0.84,生成题比较谷对面蜿蜒道路与相机所在道路的高低，涉及山谷道路关系但没有判断山谷位于车辆哪侧。
judgment-0378,absent,audit-0069-g02,0.97,生成题描述前景树枝遮挡，没有近处护栏如何掠过画面。
judgment-0379,absent,audit-0069-g02,0.98,生成题没有路牌与大片针叶树的出现顺序。
judgment-0380,absent,audit-0069-g01,0.93,生成题定位跨谷道路的高度，却没有镜头平移时山谷先从画面哪侧出现。
judgment-0381,partial,audit-0069-g01,0.89,生成题明确跨谷道路比相机所在道路更高，覆盖道路高低关系但没有以陡坡上下方为直接参照。
judgment-0382,direct,audit-0069-g02,0.95,生成题直接询问前景裸树枝短暂遮住山谷深处哪一特征，覆盖树木经过前景时短暂遮挡山谷。
judgment-0383,direct,audit-0070-g01,0.96,生成题把火箭的主要状态转换列为由水平到竖直，另一题明确处于抬升过程，实质覆盖逐渐抬到倾斜位置。
judgment-0384,partial,audit-0070-g01,0.91,生成题判断火箭是否由静止转为向上加速或由水平转竖直，覆盖高度上升但没有专门追踪尖端高度。
judgment-0385,partial,audit-0070-g02,0.89,生成题同时描述抬升中的火箭和从下方移动到遮挡助推器的绿色支撑臂，但没有明确主体抬起与支撑结构首次可见的先后。
judgment-0386,direct,audit-0070-g01,0.95,生成题直接区分火箭是实际由静止向上加速还是仅改变方向等状态，覆盖片段中是否发生真实位移。
judgment-0387,absent,audit-0070-g02,0.96,生成题定位支撑臂相对助推器，没有火箭尖端相对发射架的方向。
judgment-0388,absent,audit-0070-g02,0.98,生成题没有镜头从箭体下方向尖端移动的过程。
judgment-0389,direct,audit-0071-g01,0.99,生成题直接把两块大屏由关闭转为启动状态作为主要事件，另一题追踪按电源后新图形出现，完整覆盖仪表显示变化。
judgment-0390,direct,audit-0071-g02,0.98,生成题直接比较按键后图形先只在仪表屏、只在中控屏还是两屏同时出现，覆盖哪块屏先亮。
judgment-0391,partial,audit-0071-g02,0.84,生成题明确一块屏在方向盘后且另一块是中控屏，覆盖二者结构关系但没有直接给出驾驶者视角的左右侧。
judgment-0392,direct,audit-0071-g01,0.99,生成题明确按启动后仪表相关大屏从关闭转为开启并显示亮图形，直接覆盖状态变化。
judgment-0393,direct,audit-0071-g02,0.98,生成题明确询问亮图形首先出现在方向盘后仪表屏、中控屏还是同时出现，实质相同。
judgment-0394,direct,audit-0071-g01,0.97,生成题把按电源与两块屏由关闭到启动直接相连，覆盖按键目标是启动显示系统。
judgment-0395,partial,audit-0072-g01,0.88,生成题区分第一次尝试与最终坐姿滑行，并把翻滚列为可能的初始动作，但未直接判断坐下滑行后是否翻滚。
judgment-0396,partial,audit-0072-g01,0.92,生成题明确先尝试站立再坐下成功滑行，覆盖开始滑落与坐下的关系但“下蹲”动作没有被单独识别。
judgment-0397,partial,audit-0072-g01,0.86,生成题在翻滚和坐姿滑行等动作序列之间作选择，明显涉及所问先后，但没有明确使用“蹲下”并单独比较二者。
judgment-0398,partial,audit-0072-g02,0.84,生成题追随人物下坡时判断背景山峰在画面的反向移动，关联人物运动方向但没有以翻滚结束和相机为直接参照。
judgment-0399,absent,audit-0072-g01,0.94,生成题判断尝试从站姿改为坐姿滑行，没有翻滚结束后是否重新站立。
judgment-0400,absent,audit-0073-g01,0.90,生成题只说明大部分时间沿浪面近似平行岸线移动，没有判断是否完成多次转向。
judgment-0401,absent,audit-0073-g01,0.92,生成题给出板整体行进方向，没有板头在转弯过程中的朝向变化。
judgment-0402,absent,audit-0073-g01,0.90,生成题未说明冲浪者是否多次改变朝向。
judgment-0403,partial,audit-0073-g01,0.91,生成题明确冲浪板大部分时间沿浪面平行岸线运动，覆盖与浪的空间关系但没有追踪相对浪峰的位置变化。
judgment-0404,absent,audit-0073-g01,0.99,生成题没有抬起前脚动作或其是否为保持平衡。
judgment-0405,absent,audit-0074-g01,0.98,生成题讨论蓝车转弯时影子与边线，没有蓝车和拍摄车辆距离变化。
judgment-0406,direct,audit-0074-g01,0.99,生成题明确汽车在片尾完成向左转弯，直接覆盖入弯后车头朝向左侧。
judgment-0407,absent,audit-0074-g01,0.98,生成题没有蓝车与拍摄车辆先远离再靠近的距离次序。
judgment-0408,absent,audit-0074-g01,0.96,生成题未判断蓝车在弯道中是否始终朝向相机。
judgment-0409,direct,audit-0074-g02,0.99,生成题直接判断入左弯时车辆右侧轮胎是否越过赛道右边实线，完整覆盖相对车道边线的移动。
judgment-0410,partial,audit-0074-g01,0.86,生成题明确车辆持续左转并给出右侧轮胎与边线关系，可关联弯道内侧趋势，但没有执行维持轨迹的未来预测。
judgment-0411,absent,audit-0075-g03,0.96,生成题提到灰色悍马后轮和绕车运动，没有备胎及其安装位置。
judgment-0412,partial,audit-0075-g01,0.93,生成题明确相机沿灰色悍马后部作圆周运动，覆盖视角中的车身朝向变化但未直接描述变化结果。
judgment-0413,absent,audit-0075-g01,0.99,生成题没有侧面镜头可见的车门数量。
judgment-0414,partial,audit-0075-g04,0.83,生成题比较开头伪装悍马前格栅到片尾被灰车遮挡，并围绕灰车后部移动，但没有明确镜头是否沿同一辆悍马从车头移到车尾。
judgment-0415,absent,audit-0075-g03,0.97,生成题没有车辆后部外置备胎。
judgment-0416,absent,audit-0075-g03,0.98,生成题没有后车门相对尾灯的侧向位置。
judgment-0417,partial,audit-0076-g01,0.82,生成题区分第一场景拉绳和第二场景把绳绕上船用绞盘，但没有明确展示绳端与演示固定点的先后。
judgment-0418,direct,audit-0076-g01,0.97,生成题直接描述绳索绕在银色绞盘上并利用摩擦和旋转机构保持张力，覆盖穿过固定装置后的缠绕形态。
judgment-0419,absent,audit-0076-g01,0.96,生成题没有固定点相对男子身体位于哪侧。
judgment-0420,partial,audit-0076-g01,0.80,生成题把第二场景的船上绞盘讲解与准备打结列在同一操作中，但没有比较演示绳结与船上讲解的顺序。
judgment-0421,absent,audit-0076-g01,0.94,生成题描述绳绕绞盘而非绳索在手中形成的具体结构。
judgment-0422,direct,audit-0076-g02,0.99,生成题明确拉绳的主要机械效果是让连接的水平杆侧向移动，直接覆盖动作目标。
judgment-0423,partial,audit-0077-g01,0.94,生成题明确不用时踏板向上折叠贴合后门，反向涵盖使用时展开，但没有说明是男子踩踏触发展开。
judgment-0424,absent,audit-0077-g01,0.96,生成题没有踏板展开与男子触碰后门的时间顺序。
judgment-0425,partial,audit-0077-g01,0.84,生成题只给出收起时踏板贴合后门的高位状态，未明确展开后相对保险杠在上还是下。
judgment-0426,absent,audit-0077-g01,0.98,生成题没有按压后门区域后车门是否打开。
judgment-0427,absent,audit-0077-g01,0.99,生成题没有指向门把手或车牌上方的先后。
judgment-0428,direct,audit-0077-g01,0.96,生成题完整聚焦车尾踏板机构及其折叠工作方式，实质覆盖讲解手势展示的是车尾踏板。
judgment-0429,absent,audit-0078-g01,0.97,生成题只判断二十五秒转向后的方向，没有浪管内被浪壁遮挡。
judgment-0430,partial,audit-0078-g01,0.94,生成题依据身体和板角判断转向后的即时画面方向，覆盖转向轨迹但未限定从浪壁高处向下。
judgment-0431,absent,audit-0078-g01,0.97,生成题没有进入浪管后再出来的过程。
judgment-0432,absent,audit-0078-g01,0.94,生成题没有冲浪者在浪壁上的高度变化。
judgment-0433,partial,audit-0078-g01,0.92,生成题直接判断二十五秒处明显转向朝画面哪侧，但没有确认这是浪管闭合前的最后一次转向。
judgment-0434,partial,audit-0079-g01,0.90,生成题描述拉两根松绳端使结收紧并靠近大环，覆盖拉动后的变化但没有比较两根绳端彼此的相对位置。
judgment-0435,partial,audit-0079-g01,0.88,生成题明确绳结向所连接的大编织环靠近，却没有给出最终位于环的上方还是下方。
judgment-0436,partial,audit-0079-g01,0.81,生成题明确存在一个较大编织环和附着绳结，但没有统计操作后形成的环数。
judgment-0437,partial,audit-0079-g01,0.84,生成题把拉紧绳端明确放在最终阶段，暗示穿绳在前，但没有直接描述右手穿绳事件。
judgment-0438,direct,audit-0079-g01,0.94,生成题明确绳结连接较大编织环并通过拉端收紧靠近该环，实质覆盖制作结以固定上方绳环的目标。
judgment-0439,direct,audit-0080-g01,0.99,生成题直接区分鱼竿全程笔直、向下弯且略有波动、先直后弯或向上弯，完整覆盖收线时弯曲程度变化。
judgment-0440,absent,audit-0080-g01,0.99,生成题没有女子身体朝向或是否始终面向水面。
judgment-0441,absent,audit-0080-g01,0.99,生成题没有鱼是否在结尾前被拉出水面。
judgment-0442,direct,audit-0080-g01,0.99,生成题精确判断鱼竿向下弯曲程度是否轻微波动，直接覆盖弯曲变化。
judgment-0443,absent,audit-0080-g01,0.97,生成题只描述鱼竿状态，没有反复转动渔轮的直接目标。
judgment-0444,partial,audit-0081-g01,0.91,生成题说明机器把金属条中央压缩并变宽，覆盖加工后的形态变化但没有说明从直线变成何种弯曲形状。
judgment-0445,absent,audit-0081-g01,0.98,生成题只给出机器加工后的状态，没有插入机器与弯曲的先后。
judgment-0446,partial,audit-0081-g01,0.82,生成题把对象始终描述为中央被压宽的同一金属条，相关于连续性，但未直接判断弯曲后是否断开。
judgment-0447,partial,audit-0081-g01,0.88,生成题明确工具造成金属条压缩变宽的变形，却没有判断是否发生弯曲这一关键形变。
judgment-0448,absent,audit-0081-g01,0.98,生成题没有操作者插入金属条和拉动手柄的顺序。
judgment-0449,direct,audit-0081-g01,0.97,生成题明确机器加工的结果是压缩金属条中央并使其变宽，直接覆盖使用工具的加工目标。
judgment-0450,absent,audit-0082-g01,0.98,生成题只依据前五秒景物移动判断缓慢加速，没有驾驶员何时明显转方向盘。
judgment-0451,absent,audit-0082-g01,0.98,生成题没有前方道路向驾驶者哪侧弯曲。
judgment-0452,absent,audit-0082-g01,0.99,生成题没有道路画面与驾驶员面部的展示顺序。
judgment-0453,absent,audit-0082-g01,0.95,生成题判断车辆缓慢加速而非沿弯路改变朝向。
judgment-0454,absent,audit-0082-g01,0.98,生成题没有从驾驶者视角判断道路弯向哪侧。
judgment-0455,absent,audit-0083-g01,0.90,生成题只判断最右侧一匹马是否始终与主马群分开，没有比较领跑者是否变化。
judgment-0456,partial,audit-0083-g01,0.91,生成题明确一匹马是否全程与主马群保持分离，覆盖马群拉开状态但没有“终点前逐渐”的时间变化。
judgment-0457,absent,audit-0083-g01,0.90,生成题没有判断赛马群领先位置随时间改变。
judgment-0458,absent,audit-0083-g01,0.97,生成题没有马群相对内侧栏杆的移动。
judgment-0459,partial,audit-0083-g01,0.91,生成题考察最右侧马是否全程脱离主群，相关于马群分散，但没有判断冲线前是否逐渐拉开。
judgment-0460,partial,audit-0084-g01,0.89,生成题以远岸红色集装箱为地标预测驳船和拖船通过顺序，覆盖船与远岸物的空间关系但不直接判断驳船在建筑前后。
judgment-0461,direct,audit-0084-g04,0.97,生成题直接比较蓝白拖船与绿色驳船的速度、朝桥方向及前后位置，完整覆盖小船相对驳船的动态方向。
judgment-0462,partial,audit-0084-g01,0.89,生成题明确驳船在水面上经过远岸集装箱，相关地涉及它位于远岸物前方，但未用建筑做深度遮挡判断。
judgment-0463,absent,audit-0084-g04,0.99,生成题没有画面下方栏杆或其是否始终可见。
judgment-0464,partial,audit-0085-g01,0.90,生成题明确摩托车从起点向前移动并追踪邮箱相对方位变化，但没有判断道路轨迹是否始终直行。
judgment-0465,absent,audit-0085-g01,0.97,生成题定位邮箱而非路缘最初位于骑手哪侧。
judgment-0466,partial,audit-0085-g01,0.91,生成题通过邮箱由右前方变到正侧方追踪摩托车起步方向，但未直接给出驶向道路哪侧。
judgment-0467,absent,audit-0085-g01,0.99,生成题没有起步前转动车把的动作。
judgment-0468,direct,audit-0085-g01,0.99,生成题直接说明华丽黑色邮箱从骑手右前方移到其正侧方，完整覆盖骑手视角中的邮箱侧别。
judgment-0469,partial,audit-0086-g02,0.89,生成题明确二至五秒有一次转弯并判断山脉持续在左侧，覆盖一次明显转向但没有统计全部换刃次数。
judgment-0470,partial,audit-0086-g02,0.82,生成题追踪转弯期间滑雪者与山脉的相对侧，关联朝向变化但没有描述单板相对坡面的交替方向。
judgment-0471,absent,audit-0086-g02,0.98,生成题没有腾空动作或其与最后大幅转向的先后。
judgment-0472,absent,audit-0086-g02,0.99,生成题没有跳跃及次数。
judgment-0473,absent,audit-0086-g01,0.99,生成题没有落地后是否保持平衡。
judgment-0474,partial,audit-0086-g02,0.87,生成题在指定转弯期间判断远山始终位于滑雪者左侧，涉及转弯朝向参照但没有直接描述身体朝向如何改变。
judgment-0475,absent,audit-0087-g01,0.99,生成题只讨论花园石像被墙角或灌木遮挡，没有戴口罩男子及展示顺序。
judgment-0476,partial,audit-0087-g02,0.84,生成题区分多尊不同帽色石像并依据相机侧移判断遮挡先后，触及空间排列但没有说明两尊石像沿小路如何排列。
judgment-0477,absent,audit-0087-g01,0.99,生成题没有男子手指或其指向方向。
judgment-0478,absent,audit-0087-g01,0.99,生成题没有戴口罩男子，无法比较与石像的展示顺序。
judgment-0479,absent,audit-0087-g02,0.93,生成题描述石像与灌木、石墙的遮挡关系，没有步道侧别。
judgment-0480,absent,audit-0087-g01,0.99,生成题没有男子指向石像时的身体朝向。
judgment-0481,absent,audit-0088-g01,0.95,生成题比较半岛住宅与风力机的水平关系，没有住宅相对水面的高低。
judgment-0482,partial,audit-0088-g01,0.91,生成题明确相机向左平移并追踪风机相对大住宅的水平位置变化，相关于住宅的画面运动但未直接给出住宅群向哪侧移。
judgment-0483,absent,audit-0088-g02,0.98,生成题只判断前景树是否遮住旗杆，没有水面先被遮挡后完整展示。
judgment-0484,absent,audit-0088-g01,0.95,生成题比较平移中风机与住宅，没有住宅进入画面中央的时刻。
judgment-0485,absent,audit-0088-g01,0.94,生成题称住宅位于半岛却未判断住宅相对水面具体在哪一侧。
judgment-0486,absent,audit-0088-g02,0.98,生成题中被前景树完全遮挡的对象是旗杆而不是住宅。
judgment-0487,direct,audit-0089-g01,0.99,生成题直接判断两根独立木杆经捆扎后变成一个相连结构，完整覆盖木杆相对状态变化。
judgment-0488,direct,audit-0089-g01,0.96,生成题描述绳从线圈变成复杂缠绕再由松弛变为张紧，实质给出先绕绳后拉紧的顺序。
judgment-0489,direct,audit-0089-g01,0.96,生成题明确讨论两木杆交叉点的稳定性及缠绕后的连接，直接覆盖捆扎点在交叉处而非末端。
judgment-0490,direct,audit-0089-g01,0.99,生成题明确用绳把两根木杆由独立物体连成整体，直接回答固定的物体。
judgment-0491,direct,audit-0089-g01,0.99,生成题直接描述绳由松弛变张紧且由线圈变为复杂缠绕结构，覆盖拉紧后的结构变化。
judgment-0492,direct,audit-0089-g01,0.99,生成题表明系绳的机械目标是把两根独立木杆固定成稳定的相连结构。
judgment-0493,absent,audit-0090-g01,0.96,生成题只预测高球要落到中央球员群附近，没有孩子们是否共同朝远处跑动。
judgment-0494,partial,audit-0090-g01,0.82,生成题同时定位中央儿童群和后来出现的成年人，但没有追踪二者距离如何变化。
judgment-0495,partial,audit-0090-g01,0.83,生成题明确成年人稍后出现，却没有孩子们散开的时刻，无法完整比较先后。
judgment-0496,absent,audit-0090-g01,0.93,生成题只描述一时刻中央有一组球员，没有聚集与散开的事件顺序。
judgment-0497,absent,audit-0090-g01,0.98,生成题没有黑衣男子出现后是否走向镜头。
judgment-0498,absent,audit-0090-g02,0.96,生成题比较两个孩子相对相机的前后位置，没有孩子群面向或背向相机。
judgment-0499,direct,audit-0091-g02,0.97,生成题把无人机在跟随中是否明显降低高度列为需判断的实际空间行为，直接覆盖相对地面高度变化。
judgment-0500,partial,audit-0091-g02,0.81,生成题追踪无人机漂移、靠近操作者和横向修正，但没有以相机为参照判断靠近后是否再次远离。
judgment-0501,direct,audit-0091-g02,0.99,生成题直接判断无人机为跟随操作者如何漂移、匹配前进速度、横向修正或下降，完整覆盖相对操作者的移动。
judgment-0502,partial,audit-0091-g02,0.85,生成题判断跟随时是否显著掉高，涉及高度安全余量，但没有草地参照或全程高于草地的条件。
judgment-0503,partial,audit-0091-g02,0.78,生成题说明测试的是无人机跟随操作者的能力，涉及双方持续跟踪意图，但没有判断操作者转身是否为了跟踪无人机且主客体相反。
judgment-0504,direct,audit-0092-g03,0.99,生成题明确吊饰在相机平移中从远处岛屿前方掠过，直接覆盖吊饰在岛屿前方的深度关系。
judgment-0505,absent,audit-0092-g03,0.96,生成题描述相机平移造成的表观位置变化，没有雨中吊饰真实摆动方向是否改变。
judgment-0506,direct,audit-0092-g03,0.98,生成题直接比较吊饰在平移中位于岛屿左侧、右侧或保持关系，完整覆盖其相对岛屿的侧向位置。
judgment-0507,absent,audit-0092-g03,0.99,生成题没有雨势或远岸清晰度随时间下降。
judgment-0508,partial,audit-0093-g01,0.92,生成题明确开头五秒无人机在画面中向左移动，可推知其由右侧进入，但没有直接限定湖面侧或进入清晰画面的瞬间。
judgment-0509,absent,audit-0093-g01,0.99,生成题没有镜头校色切换事件。
judgment-0510,partial,audit-0093-g01,0.86,生成题定位开头五秒无人机向左运动并与蓝车比速，覆盖出现时段但未说明何时从湖对岸进入画面。
judgment-0511,absent,audit-0093-g01,0.98,生成题只比较水平视速度，没有无人机相对湖面的高度变化。
judgment-0512,absent,audit-0093-g01,0.99,生成题没有高楼或无人机相对高楼的上下关系。
judgment-0513,absent,audit-0094-g01,0.94,生成题描述骑手转头导致左后视镜在画面移动，不代表摩托车片尾向道路某侧偏转。
judgment-0514,absent,audit-0094-g01,0.98,生成题没有中央隔离带相对骑手的侧别。
judgment-0515,absent,audit-0094-g01,0.98,生成题没有斑马线或车辆明显转向的先后。
judgment-0516,absent,audit-0094-g01,0.98,生成题没有经过斑马线后的车道改变。
judgment-0517,absent,audit-0094-g01,0.98,生成题没有对向白车的位置。
judgment-0518,absent,audit-0094-g01,0.99,生成题没有斑马线和转向箭头的出现顺序。
judgment-0519,absent,audit-0095-g01,0.99,生成题只比较黑裙女子与推婴儿车女子的交叉路径，没有水果店和服装店顺序。
judgment-0520,absent,audit-0095-g01,0.99,生成题没有服装店陈列架相对通道的位置。
judgment-0521,partial,audit-0095-g01,0.77,生成题追踪两名迎面行人的路径交叉前后关系，但没有量化其中行人与相机的距离变化。
judgment-0522,absent,audit-0095-g01,0.99,生成题没有沿商店街经过果蔬店和服装店的顺序。
judgment-0523,absent,audit-0095-g01,0.99,生成题没有黄色立柱或其通道侧别。
judgment-0524,partial,audit-0095-g01,0.76,生成题判断一名女子的路径在推车女子后方交叉，涉及经过关系但没有她经过相机后是否离开视野。
judgment-0525,partial,audit-0096-g01,0.95,生成题在第二辆红车完全出现时定位第一辆红车处于转弯、驶离或不可见，直接相关于两车交会但没有明确问是否相遇。
judgment-0526,partial,audit-0096-g01,0.90,生成题比较第二车出现时第一车的位置和运动阶段，触及两车间距变化但没有连续追踪距离。
judgment-0527,partial,audit-0096-g02,0.80,生成题描述红车滑过弯道的车身和前轮方向，却没有比较从相机侧面经过与正面靠近的次序。
judgment-0528,absent,audit-0096-g02,0.91,生成题分别讨论两辆红车各自一个弯道动作，没有判断同一主要红车是否完成多次明显转向。
judgment-0529,absent,audit-0096-g01,0.92,生成题可能说明第一车正驶离，但没有该车随后再次靠近相机。
judgment-0530,direct,audit-0096-g03,0.99,生成题明确第二辆红车以当前朝向和速度从画面右侧离开并预测下一步，直接覆盖最终朝向画面右侧。
judgment-0531,direct,audit-0097-g03,0.99,生成题明确男子先直行后只转一次并要求判断左转或右转，直接覆盖走廊中是否改变朝向。
judgment-0532,partial,audit-0097-g01,0.84,生成题在男子接近转角前把墙上最后一张照片作为可能被遮住物，涉及人与照片的接近过程但没有连续距离变化。
judgment-0533,partial,audit-0097-g01,0.91,生成题同时列出最后一张墙上照片和写有MEN的洗手间门作为转角后可见物，覆盖两地点但未直接比较经过顺序。
judgment-0534,absent,audit-0097-g01,0.96,生成题没有无障碍标志，无法与照片墙比较先后。
judgment-0535,absent,audit-0097-g03,0.99,生成题没有男子移动时手持的物体。
judgment-0536,direct,audit-0097-g03,0.97,生成题从固定走廊视角直接判断男子最终向左还是向右转，实质覆盖最终转向哪个出口方向。
judgment-0537,partial,audit-0098-g01,0.84,生成题追踪冲浪者在白浪区附近先远离再靠近的变化，相关于进入浪花后的可见阶段，但没有跌水或重新露面。
judgment-0538,absent,audit-0098-g02,0.97,生成题描述人与板一起转向，没有冲浪板与人分离后的板朝向。
judgment-0539,absent,audit-0098-g01,0.99,生成题没有冲浪板竖起或冲浪者落水的先后。
judgment-0540,partial,audit-0098-g01,0.82,生成题以白浪区为参照追踪两次转向间距离，但没有判断何时被浪花完全遮挡。
judgment-0541,absent,audit-0098-g02,0.98,生成题没有摔倒后冲浪板的姿态。
judgment-0542,partial,audit-0098-g02,0.88,生成题明确冲浪者完成第一次主要转向并追踪第二次转向，但没有失去平衡事件来建立先后。
judgment-0543,partial,audit-0099-g02,0.88,生成题预测汽车沿道路侧边直行并追踪其从墙后显露，但没有直接说明靠近相机后从哪侧经过。
judgment-0544,partial,audit-0099-g02,0.89,生成题利用六秒时车身轨迹和车轮对齐判断未来直线路径，覆盖转弯后的朝向但没有描述转弯中车头如何变化。
judgment-0545,absent,audit-0099-g02,0.95,生成题没有车辆最接近相机的时刻或其与完成转弯的先后。
judgment-0546,partial,audit-0099-g01,0.87,生成题先观察汽车正面从墙后完整显露，另一题判断其随后沿道路侧边直行，但没有直接比较正对镜头与侧向经过的次序。
judgment-0547,partial,audit-0099-g02,0.87,生成题依据车轮对齐和轨迹判断汽车沿道路直行，涉及经过阶段朝向但没有追踪朝向变化。
judgment-0548,partial,audit-0099-g02,0.85,生成题说明车辆已开始减速并推演若不减速将沿路直行，相关于停车趋势但未判断最终是否停在路上。
judgment-0549,absent,audit-0100-g02,0.91,生成题中的白车因车库门升起而逐步显露，没有白车经过住宅时向哪侧移动。
judgment-0550,absent,audit-0100-g02,0.97,生成题讨论车库门对白车的遮挡，没有白车与路边树木的遮挡变化。
judgment-0551,absent,audit-0100-g02,0.94,生成题只比较白车各部分由下到上的显露顺序，没有先出现在画面右侧还是左侧。
judgment-0552,absent,audit-0100-g02,0.91,生成题中的窗外白车保持在街对面并被车库门揭示，没有相对观察者的侧向移动。
judgment-0553,absent,audit-0100-g04,0.95,生成题的前景遮挡物是左侧A柱且被揭示的是木栅栏，不是仪表台对白车的遮挡。
judgment-0554,absent,audit-0100-g03,0.98,生成题没有相邻住宅橙色墙与灰色墙的左右关系。
judgment-0555,partial,audit-0101-g01,0.94,生成题明确鱼先在水中被拉向相机位置随后才举起，覆盖水面到举起阶段但没有说明是否举到船边。
judgment-0556,partial,audit-0101-g01,0.92,生成题给出鱼在水中被拉动后再被举起的顺序，但没有明确最终进入人的手中。
judgment-0557,absent,audit-0101-g01,0.97,生成题没有鱼举起时相对船边位于哪一侧。
judgment-0558,direct,audit-0101-g01,0.98,生成题直接描述鱼先从远处在水中被拉近再被举起，完整覆盖从水下出现到举起的核心顺序。
judgment-0559,absent,audit-0101-g01,0.98,生成题没有鱼最终相对船的侧向位置。
judgment-0560,direct,audit-0102-g01,0.99,生成题明确基于起步两秒加速度判断右车道摩托车取得并保持领先，直接覆盖哪辆先明显领先。
judgment-0561,absent,audit-0102-g01,0.99,生成题没有烟雾及其与正式加速的先后。
judgment-0562,partial,audit-0102-g04,0.88,生成题比较背景列车相对摩托车比赛方向是同向、反向或横向，触及骑手行驶轴向但没有直接给出画面或赛道哪侧。
judgment-0563,direct,audit-0102-g01,0.99,生成题直接判断右车道摩托车是否从早期加速后持续保持领先，完整覆盖比赛中前后关系是否改变。
judgment-0564,absent,audit-0102-g04,0.99,生成题出现观众席和末段列车，却没有摩托车产生烟雾或相对经过观众席的时间。
judgment-0565,direct,audit-0102-g01,0.99,生成题明确领先并预计保持领先的是右车道摩托车，直接回答领先车辆所在侧。
judgment-0566,absent,audit-0103-g01,0.99,生成题只判断相机是否静止在水中远观人物，没有鱼竿弯曲程度。
judgment-0567,absent,audit-0103-g01,0.99,生成题没有鱼竿平直与弯曲的先后。
judgment-0568,absent,audit-0103-g01,0.99,生成题没有末段鱼竿是否明显弯曲。
judgment-0569,absent,audit-0104-g01,0.98,生成题只观察驾驶脚舱部件相对地垫是否固定，没有座椅材质与驾驶控制区的展示顺序。
judgment-0570,absent,audit-0104-g01,0.99,生成题没有座椅橙色饰条及其边缘位置。
judgment-0571,absent,audit-0104-g01,0.96,生成题列出脚舱踏板和转向柱，没有男子手指或方向盘左侧控制区域。
judgment-0572,absent,audit-0104-g01,0.98,生成题没有座椅和驾驶位控制键的镜头展示顺序。
judgment-0573,absent,audit-0104-g01,0.99,生成题没有橙色饰边在座椅上的分布。
judgment-0574,direct,audit-0105-g02,0.99,生成题明确男子对左手物体进行反复刮削并造成表面变化，直接覆盖持续处理手中物品。
judgment-0575,absent,audit-0105-g01,0.98,生成题没有男子低头操作与抬头观察的交替顺序。
judgment-0576,absent,audit-0105-g01,0.99,生成题没有手中物品相对栏杆的侧别。
judgment-0577,partial,audit-0105-g02,0.94,生成题明确反复刮削手中物体，覆盖重复操作但没有判断男子是否反复低头。
judgment-0578,absent,audit-0105-g01,0.99,生成题没有抬头或戴蓝色手套的先后。
judgment-0579,absent,audit-0105-g01,0.99,生成题没有栏杆作为参照，无法判断操作目标在其上方还是下方。
judgment-0580,partial,audit-0106-g03,0.82,生成题定位女子左侧引导鱼钩的手并描述鱼钩进入鱼嘴，但没有比较先握住小鱼与另一手靠近鱼钩的次序。
judgment-0581,absent,audit-0106-g03,0.97,生成题没有鱼从女子手中交到另一人手中的位置变化。
judgment-0582,direct,audit-0106-g01,0.95,生成题直接判断把鱼钩穿过鱼嘴的目标是否为把鱼固定在线上作活饵，实质决定处理后钩与鱼并未分离。
judgment-0583,absent,audit-0106-g03,0.95,生成题没有小鱼交给另一双手的动作或与握住的先后。
judgment-0584,absent,audit-0106-g02,0.93,生成题描述鱼钩进入下颌并重新露出，方向是装入而非取出，未覆盖取出后鱼的状态。
judgment-0585,direct,audit-0106-g01,0.99,生成题直接询问两手引导鱼钩穿过鱼嘴的即时目标，完整覆盖操作鱼钩的目的。
judgment-0586,absent,audit-0107-g01,0.98,生成题只描述直升机落地后旋翼减速，没有升空与从灌木后出现的先后。
judgment-0587,partial,audit-0107-g01,0.90,生成题明确直升机已经着陆且旋翼减速到停止，涵盖下降至地面的末态但没有完整高度变化。
judgment-0588,partial,audit-0107-g01,0.94,生成题明确直升机完成着陆并进入停转状态，但没有说明落在草地或机身是否平稳。
judgment-0589,partial,audit-0107-g01,0.83,生成题确认发生了降落，却没有描述此前升空事件以直接比较二者先后。
judgment-0590,absent,audit-0107-g01,0.97,生成题没有直升机相对树篱的高度变化。
judgment-0591,absent,audit-0107-g01,0.96,生成题只关注着陆后主旋翼状态，没有着陆时机身朝向稳定性。
judgment-0592,absent,audit-0108-g01,0.99,生成题只追踪粉围巾女子被哪名人群成员遮挡，没有黑衣男子指向岩石部位。
judgment-0593,absent,audit-0108-g01,0.97,生成题没有男子转身指示或穿过人群的先后。
judgment-0594,absent,audit-0108-g01,0.99,生成题没有岩石相对男子的位置。
judgment-0595,absent,audit-0108-g01,0.99,生成题没有背包男子指向山体和转身的顺序。
judgment-0596,absent,audit-0108-g01,0.99,生成题没有男子指向目标或其在人群哪侧。
judgment-0597,partial,audit-0108-g01,0.78,生成题明确一名女子从画面右侧向左走并最终被人遮挡，触及人群中的移动方向但没有判断整个人群是否同向。
judgment-0598,direct,audit-0109-g01,0.99,生成题直接说明手势先指包装盒中央标签再移到盒顶边缘，完整覆盖主要指向区域。
judgment-0599,absent,audit-0109-g01,0.98,生成题没有盒面圆形图案相对产品名称的位置。
judgment-0600,absent,audit-0109-g01,0.97,生成题没有包装盒在整个镜头中是否完整可见。
judgment-0601,partial,audit-0109-g01,0.93,生成题具体追踪手指由中央标签移到顶边，覆盖指向区域但没有说明反复手势主要落在哪一区域。
judgment-0602,absent,audit-0109-g01,0.99,生成题没有包装盒相对黑色桌子的侧别。
judgment-0603,absent,audit-0109-g01,0.96,生成题只描述手指在盒面移动，没有盒子本身是否改变位置。
judgment-0604,partial,audit-0110-g02,0.85,生成题判断两只狗起初是否彼此远离，涉及狗间相对位置变化但缺少第三只狗和前后关系。
judgment-0605,absent,audit-0110-g02,0.98,生成题没有按白狗和黑狗比较谁先接近相机。
judgment-0606,partial,audit-0110-g02,0.80,生成题描述两狗起初彼此远离，触及个体方向差异但没有判断狗群整体是否在奔跑中改向。
judgment-0607,partial,audit-0110-g02,0.89,生成题直接判断两只狗起初是否相互远离，可区分是否同向奔跑，但没有明确黑狗和白狗身份或全程方向。
judgment-0608,partial,audit-0110-g02,0.85,生成题判断两狗起初是否彼此远离，覆盖相对关系变化但没有给出谁前谁后的变化。
judgment-0609,absent,audit-0110-g01,0.99,生成题没有狗进入灌木遮挡区。
judgment-0610,partial,audit-0111-g05,0.88,生成题描述相机起点、前景灌木和远处城镇的固定关系，另题推演若向房屋直行的变化，但没有直接追踪航拍靠近居民区的距离。
judgment-0611,absent,audit-0111-g05,0.93,生成题定位居民房屋、灌木和街道，没有草地作为参照或居民区相对草地的方向。
judgment-0612,partial,audit-0111-g01,0.88,生成题追踪平移中尖塔和白灰房屋在不同时刻的左右与遮挡关系，覆盖村庄入画变化但没有直接问从哪侧进入。
judgment-0613,partial,audit-0111-g05,0.78,生成题明确中央灌木位于相机起点与城镇之间，涉及前景到村庄的深度结构，但未识别草地是否在村庄前方。
judgment-0614,direct,audit-0111-g02,0.97,生成题明确多栋房屋位于浓密树线后方并考察白房是否被树完全挡住，直接覆盖前景灌木遮挡部分房屋。
judgment-0615,absent,audit-0112-g01,0.93,生成题只描述一只鸟在八秒潜入水中后的可见结果，没有靠近船时与相机距离。
judgment-0616,absent,audit-0112-g01,0.96,生成题没有海鸟掠过船侧或其飞行方向。
judgment-0617,absent,audit-0112-g01,0.93,生成题没有海鸟接近船时相对相机的距离变化。
judgment-0618,absent,audit-0112-g01,0.90,生成题的核心事件是鸟从水面上方潜入水中，而不是飞到船旁，且未出现船。
judgment-0619,absent,audit-0112-g01,0.97,生成题没有船体或最近海鸟相对船的侧向位置。
judgment-0620,absent,audit-0113-g01,0.95,生成题比较银色SUV与白色马拖车的遮挡，没有车辆与真实马匹区域距离变化。
judgment-0621,absent,audit-0113-g01,0.97,生成题没有车列与马匹围场分别位于画面哪侧。
judgment-0622,absent,audit-0113-g01,0.95,生成题只描述平移后拖车遮住SUV，没有远处马匹或二者展示顺序。
judgment-0623,absent,audit-0113-g01,0.96,生成题没有看到远处马匹的时刻，无法与经过车辆比较先后。
judgment-0624,absent,audit-0113-g01,0.96,生成题中的白色物体是马拖车而非马匹，没有马相对停放车辆的侧别。
judgment-0625,absent,audit-0113-g01,0.98,生成题没有前景车顶遮挡马匹。
judgment-0626,absent,audit-0114-g01,0.96,生成题只描述桥墩遮挡远处高楼，没有小船通过桥下时桥面在相机上方的移动。
judgment-0627,absent,audit-0114-g01,0.97,生成题没有船与桥墩的距离变化。
judgment-0628,absent,audit-0114-g01,0.99,生成题没有船尾出现或离开桥下的先后。
judgment-0629,absent,audit-0114-g01,0.98,生成题没有小船进入桥下与经过桥墩的顺序。
judgment-0630,absent,audit-0114-g01,0.97,生成题没有桥墩相对小船从哪侧经过。
judgment-0631,absent,audit-0114-g01,0.97,生成题判断的是高楼被桥墩遮挡后不再出现，没有驶出桥下后桥体是否离开视野。
judgment-0632,partial,audit-0115-g02,0.88,生成题通过未上漆外壳与完整红车比较开孔和缺失部件，覆盖两类细节但没有镜头先展示外壳还是开孔。
judgment-0633,direct,audit-0115-g02,0.95,生成题具体比较前格栅开口和前轮拱等开孔是否存在，直接覆盖开孔位于车身前部区域。
judgment-0634,direct,audit-0115-g02,0.99,生成题明确前景车身未上漆且相较组装红车缺少多项部件，直接覆盖未完成或拆卸状态。
judgment-0635,absent,audit-0115-g02,0.92,生成题比较的是前车身格栅和轮拱细节，没有尾部孔洞或其与外壳展示顺序。
judgment-0636,partial,audit-0115-g02,0.86,生成题直接判断未完成车身相较红车缺少哪些主要部件，但限定为前车身，未覆盖尾部缺失清单。
judgment-0637,absent,audit-0115-g02,0.98,生成题没有讲解者转向尾部或该动作目标。
judgment-0638,absent,audit-0116-g01,0.95,生成题基于七秒处车的轨迹预测碰撞对象，没有白车与相机距离如何变化。
judgment-0639,partial,audit-0116-g01,0.92,生成题明确七秒处车辆同时具有既定轨迹和旋转，并推演不修正的结果，覆盖车头朝向变化但没有限定经过近处后。
judgment-0640,partial,audit-0116-g01,0.81,生成题把装卸码头、半挂车等列为车辆潜在碰撞对象，触及装卸区运动，但没有与从远处横向驶过比较顺序。
judgment-0641,partial,audit-0116-g01,0.90,生成题明确汽车在七秒处持续旋转且司机随后修正路径，覆盖转弯过程但没有直接判断是否完成转弯。
judgment-0642,partial,audit-0116-g01,0.91,生成题预测若保持轨迹可能撞上主楼装卸门，说明与仓库接近，但未追踪实际距离变化。
judgment-0643,absent,audit-0116-g01,0.94,生成题只推演未修正轨迹的碰撞对象，没有白车最终驶离方向。
judgment-0644,direct,audit-0117-g02,0.99,生成题明确白色SUV静止等待驶出停车场时一辆深色SUV横穿路口，直接覆盖汇入主路前等待横向车流。
judgment-0645,partial,audit-0117-g01,0.84,生成题根据道路箭头判断直行会进入何处，另题描述停车场出口，却没有直接给出实际汇入方向位于驾驶者哪侧。
judgment-0646,direct,audit-0117-g02,0.97,生成题明确本车静止等待时横向深色SUV先穿过路口，实质覆盖横向车先通过、本车后起步的顺序。
judgment-0647,absent,audit-0117-g01,0.98,生成题没有红灯或驶入主路与遇到红灯的先后。
judgment-0648,absent,audit-0117-g02,0.95,生成题出现横向深色SUV但没有红灯停车队列或本车从黑车哪侧接近。
judgment-0649,absent,audit-0117-g02,0.97,生成题没有驾驶者在红灯前停在其他车辆后方。
judgment-0650,direct,audit-0118-g01,0.99,生成题直接判断主入口纱门与实心白门的前后端关系，覆盖入口门位于车身哪一端。
judgment-0651,absent,audit-0118-g02,0.96,生成题追踪两扇门和平移方向，没有不同窗户的出现顺序。
judgment-0652,absent,audit-0118-g03,0.98,生成题没有房车侧面伸出结构及其展开状态。
judgment-0653,direct,audit-0118-g01,0.96,生成题明确实心白门比主入口门更靠车尾且平移继续朝后部，实质覆盖镜头由前门移到后门。
judgment-0654,absent,audit-0118-g03,0.93,生成题仅把遮阳篷顶部列为可能的下一焦点，没有判断其是否在全片段展开。
judgment-0655,absent,audit-0118-g02,0.94,生成题定位后方实心白门并描述初始遮挡，但没有它相对侧窗的侧向位置。
judgment-0656,direct,audit-0119-g01,0.98,生成题从红车起步在前到摩托车加速穿过路口后的最终前后左右位置，直接覆盖二者距离关系的变化。
judgment-0657,partial,audit-0119-g01,0.90,生成题给出红车相对摩托车的最终右后或左后位置，可关联其通过路口的方向但未直接说明红车选择哪条行进方向。
judgment-0658,absent,audit-0119-g01,0.95,生成题没有转向车道相对骑手位于哪侧。
judgment-0659,direct,audit-0119-g01,0.97,生成题直接判断摩托车通过路口后红车位于镜头左后还是右后，覆盖前车相对骑手向哪侧移动。
judgment-0660,direct,audit-0119-g01,0.98,生成题以红车初始在前启动及最终相对摩托车位置为核心，实质覆盖前车与骑手距离如何改变。
judgment-0661,partial,audit-0120-g02,0.93,生成题明确先把两节电池放桌面再拿说明书，并以鼠标为参照，但没有覆盖全部鼠标配件的取出顺序。
judgment-0662,absent,audit-0120-g01,0.99,生成题没有包装由封闭到展开的状态变化。
judgment-0663,partial,audit-0120-g02,0.89,生成题比较电池与鼠标在桌面的前后和左右并说明随后拿说明书，但没有给出说明书最终相对二者放在哪侧。
judgment-0664,absent,audit-0120-g02,0.95,生成题给出放电池与拿说明书的顺序，没有拆开包装与取出电池的先后。
judgment-0665,partial,audit-0120-g01,0.94,生成题具体定位电池相对鼠标的左右和相对相机的远近，并涉及随后拿说明书，覆盖部分重新排列但不是全部桌面物品变化。
judgment-0666,absent,audit-0120-g02,0.98,生成题只说明人物随后拿起说明书，没有打开说明书的直接目标。
