audit_item_id,proposal_no,question_text_cn,primary_capability,intent_required,reference_transform,prediction_or_counterfactual,temporal_integration,occlusion_tracking,deformation_tracking,human_involved,reasoning_level,question_format,needs_full_video,confidence,author_notes
audit-0001,1,滑雪者接近金属杆后做了什么？,action_event,0,0,0,1,0,0,1,intermediate,short_answer,0,high,跨帧可见
audit-0001,2,滑雪者越过杆后是否保持站立？,temporal_order,0,0,0,1,0,0,1,intermediate,true_false,0,high,结果可见
audit-0001,3,滑雪者最后朝雪坡的哪个方向滑走？,orientation_facing,0,1,0,1,0,0,1,high,short_answer,0,medium,以画面为参照
audit-0002,1,湖面上有几只水鸟同时可见？,entity_attribute,0,0,0,0,0,0,0,low,short_answer,0,medium,数量随帧变化
audit-0002,2,水鸟群相对岸边如何移动？,dynamic_relation,0,0,0,1,0,0,0,intermediate,short_answer,0,medium,需整合多帧
audit-0002,3,镜头从持枪者转向湖面发生在水鸟起飞之前吗？,temporal_order,0,0,0,1,0,0,1,intermediate,true_false,1,medium,抽帧难定起飞时刻
audit-0003,1,镜头移动后哪栋房屋进入画面中央？,dynamic_relation,0,0,0,1,0,0,0,intermediate,short_answer,0,high,镜头平移明显
audit-0003,2,前景立柱何时遮住远处山景？,occlusion_permanence,0,0,0,1,1,0,0,intermediate,short_answer,0,high,遮挡清楚
audit-0003,3,深色云层位于房屋上方吗？,static_relation,0,0,0,0,0,0,0,low,true_false,0,high,单帧可答
audit-0004,1,钓鱼者先拿着浮漂还是先展示鱼？,temporal_order,0,0,0,1,0,0,1,intermediate,short_answer,0,high,顺序清楚
audit-0004,2,鱼相对皮划艇船头位于哪一侧？,reference_frame,0,1,0,0,0,0,1,high,short_answer,0,high,艇上第一视角
audit-0004,3,鱼被举起后其身体朝向如何变化？,orientation_facing,0,0,0,1,0,0,0,intermediate,short_answer,0,medium,需比较多帧
audit-0005,1,冲浪者进入浪管后是否一度被浪花遮住？,occlusion_permanence,0,0,0,1,1,0,1,intermediate,true_false,0,high,遮挡明显
audit-0005,2,冲浪者从浪管出来后向哪个方向滑行？,dynamic_relation,0,1,0,1,0,0,1,high,short_answer,0,high,以画面为参照
audit-0005,3,冲浪者在浪峰塌下前是否保持站立？,temporal_order,0,0,0,1,0,0,1,intermediate,true_false,0,medium,跨帧可见
audit-0006,1,镜头依次聚焦了几位坐着的人？,temporal_order,0,0,0,1,0,0,1,intermediate,short_answer,0,high,镜头逐人平移
audit-0006,2,戴帽男子坐在最初出现的老人哪一侧？,static_relation,0,1,0,0,0,0,1,high,short_answer,0,high,画面参照
audit-0006,3,蓝帽男子出现前镜头先经过谁？,temporal_order,0,0,0,1,0,0,1,intermediate,short_answer,0,high,顺序可见
audit-0007,1,视频前半段主要出现鱼还是红色虾？,temporal_order,0,0,0,1,0,0,0,intermediate,short_answer,0,high,镜头切换明确
audit-0007,2,红色虾停在水草的什么位置？,static_relation,0,0,0,0,0,0,0,low,short_answer,0,high,单帧可答
audit-0007,3,较大的鱼群在水草前方如何移动？,dynamic_relation,0,0,0,1,0,0,0,intermediate,short_answer,0,medium,轨迹需视频确认
audit-0008,1,波浪朝画面的哪个方向推进？,dynamic_relation,0,1,0,1,0,0,0,high,short_answer,0,medium,以画面为参照
audit-0008,2,浪峰在移动过程中是否逐渐破碎？,deformation_state,0,0,0,1,0,1,0,intermediate,true_false,0,high,形态变化可见
audit-0008,3,太阳反光与浪峰的相对位置如何变化？,dynamic_relation,0,0,0,1,0,0,0,intermediate,short_answer,0,medium,镜头也在移动
audit-0009,1,第一视角所在载具在水面上是否持续前进？,dynamic_relation,0,0,0,1,0,0,1,intermediate,true_false,0,medium,水面背景变化
audit-0009,2,画面右上方持续可见的物体是什么？,entity_attribute,0,0,0,0,0,0,0,low,short_answer,0,medium,疑似帆或翼
audit-0009,3,远处树木相对观察者向哪个方向移动？,reference_frame,0,1,0,1,0,0,1,high,short_answer,0,medium,需区分相机运动
audit-0010,1,镜头从球员转向球洞后球员是否仍在画面中？,occlusion_permanence,0,0,0,1,1,0,1,intermediate,true_false,0,high,离开视野
audit-0010,2,球洞位于沙坑的哪一侧？,static_relation,0,1,0,0,0,0,0,high,short_answer,0,high,画面参照
audit-0010,3,镜头移动的直接目标是跟随球还是展示球洞？,action_goal,1,0,0,1,0,0,1,high,multiple_choice,1,medium,需连续运动判断
audit-0011,1,无人机先远离还是先接近相机？,temporal_order,0,0,0,1,0,0,0,intermediate,short_answer,0,high,距离变化明显
audit-0011,2,无人机降低高度后落在什么表面？,dynamic_relation,0,0,0,1,0,0,0,intermediate,short_answer,0,high,落至地面
audit-0011,3,无人机短暂变小时是否仍保持在画面中央附近？,occlusion_permanence,0,0,0,1,1,0,0,intermediate,true_false,0,medium,目标很小但可见
audit-0012,1,高尔夫球靠近洞杯前经过旗杆哪一侧？,dynamic_relation,0,1,0,1,0,0,0,high,short_answer,1,medium,小球需完整视频
audit-0012,2,球员走近洞杯发生在击球之后吗？,temporal_order,0,0,0,1,0,0,1,intermediate,true_false,0,high,顺序清楚
audit-0012,3,球最终停在洞杯的近处还是远处？,static_relation,0,0,0,0,0,0,0,low,multiple_choice,0,medium,末帧可见
audit-0013,1,车辆经过时透明大帐篷位于画面哪一侧？,reference_frame,0,1,0,0,0,0,1,high,short_answer,0,high,车内视角
audit-0013,2,车辆相对帐篷如何移动？,dynamic_relation,0,0,0,1,0,0,1,intermediate,short_answer,0,high,经过帐篷
audit-0013,3,黑色汽车是否先于白色卡车离开画面？,temporal_order,0,0,0,1,0,0,0,intermediate,true_false,1,low,抽帧不足以跟踪车辆
audit-0014,1,马在视频中是否改变了行进方向？,orientation_facing,0,0,0,1,0,0,0,intermediate,true_false,0,high,先侧向后朝镜头
audit-0014,2,骑手靠近镜头时马位于围栏哪一侧？,static_relation,0,1,0,0,0,0,1,high,short_answer,0,high,场地关系清楚
audit-0014,3,马接近镜头后从哪一侧经过？,dynamic_relation,0,1,0,1,0,0,1,high,short_answer,0,medium,以观察者为参照
audit-0015,1,记者展示天花板破损发生在采访住户之前吗？,temporal_order,0,0,0,1,0,0,1,intermediate,true_false,0,high,镜头切换明确
audit-0015,2,天花板上哪一部分已经缺失？,deformation_state,0,0,0,0,0,1,0,intermediate,short_answer,0,high,破损可见
audit-0015,3,受访者抬手指向什么方向？,action_event,0,1,0,1,0,0,1,high,short_answer,0,high,指向上方
audit-0016,1,男子先用剪刀接触肉块还是先放下肉块？,temporal_order,0,0,0,1,0,0,1,intermediate,short_answer,0,high,顺序可见
audit-0016,2,男子用工具处理肉块的直接目标是什么？,action_goal,1,0,0,1,0,1,1,high,short_answer,1,medium,结果未完整展示
audit-0016,3,肉块在处理过程中是否被分成更小部分？,deformation_state,0,0,0,1,0,1,0,intermediate,true_false,1,low,接触表末段不清
audit-0017,1,汽车引擎盖在整个片段中保持打开吗？,deformation_state,0,0,0,1,0,1,0,intermediate,true_false,0,high,状态稳定
audit-0017,2,讲解者反复指向车辆的哪个区域？,action_goal,1,0,0,1,0,0,1,high,short_answer,0,high,指向发动机舱
audit-0017,3,相机从车尾移到车头发生在讲解手势之前吗？,temporal_order,0,0,0,1,0,0,1,intermediate,true_false,0,medium,视角变化可见
audit-0018,1,女子第一次进食发生在展示餐盘之前吗？,temporal_order,0,0,0,1,0,0,1,intermediate,true_false,0,high,顺序可见
audit-0018,2,女子吃下食物后的面部反应如何变化？,action_event,0,0,0,1,0,0,1,intermediate,short_answer,0,medium,表情跨帧变化
audit-0018,3,餐盘中洋葱位于薯条的哪一侧？,static_relation,0,1,0,0,0,0,0,high,short_answer,0,medium,末帧可答
audit-0019,1,人靠近鳐鱼时鳐鱼是否改变了移动方向？,dynamic_relation,0,0,0,1,0,0,1,intermediate,true_false,0,medium,多只鳐鱼
audit-0019,2,鳐鱼主要位于人群的哪一侧？,static_relation,0,1,0,0,0,0,1,high,short_answer,0,high,画面参照
audit-0019,3,海浪涌来时人群先后退还是先伸手？,temporal_order,0,0,0,1,0,0,1,intermediate,short_answer,1,medium,动作细节需视频
audit-0020,1,飞行器在烟雾出现后向上还是向下移动？,dynamic_relation,0,1,0,1,0,0,0,high,short_answer,0,high,轨迹明显
audit-0020,2,飞行器是否完成了明显的滚转？,orientation_facing,0,0,0,1,0,0,0,intermediate,true_false,0,medium,姿态变化可见
audit-0020,3,飞行器最终相对地平线处于什么高度？,static_relation,0,1,0,0,0,0,0,high,short_answer,0,medium,末帧可答
audit-0021,1,车辆经过出口标志后驶入哪条道路分支？,dynamic_relation,0,1,0,1,0,0,1,high,short_answer,0,medium,车载视角
audit-0021,2,出口匝道位于主车道的哪一侧？,reference_frame,0,1,0,0,0,0,1,high,short_answer,0,high,驾驶者参照
audit-0021,3,黄色车道结束标志出现于匝道分离之前吗？,temporal_order,0,0,0,1,0,0,0,intermediate,true_false,0,high,顺序清楚
audit-0022,1,鱼挣扎时钓竿弯曲程度如何变化？,deformation_state,0,0,0,1,0,1,1,intermediate,short_answer,0,high,弯曲明显
audit-0022,2,男子反复转动渔轮的直接目标是什么？,action_goal,1,0,0,1,0,0,1,high,short_answer,0,high,收线动作
audit-0022,3,鱼是否曾在水面附近出现？,occlusion_permanence,0,0,0,1,1,0,0,intermediate,true_false,0,medium,水花中短暂可见
audit-0023,1,鱼先在水下绕圈还是先进入抄网？,temporal_order,0,0,0,1,0,0,0,intermediate,short_answer,0,high,顺序清楚
audit-0023,2,抄网从钓鱼者的哪一侧伸向鱼？,reference_frame,0,1,0,1,0,0,1,high,short_answer,0,medium,画面参照
audit-0023,3,鱼进入抄网后是否再次离开？,occlusion_permanence,0,0,0,1,1,0,0,intermediate,true_false,1,medium,末段抽帧不连续
audit-0024,1,男子手中的橙色绳索是否逐渐展开？,deformation_state,0,0,0,1,0,1,1,intermediate,true_false,0,high,形态变化可见
audit-0024,2,男子将绳索举起的直接目的是什么？,action_goal,1,0,0,1,0,0,1,high,short_answer,1,low,仅凭画面难定用途
audit-0024,3,绳索末端最初位于男子哪一侧？,static_relation,0,1,0,0,0,0,1,high,short_answer,0,medium,画面参照
audit-0025,1,车辆驶出坡道后向哪一侧转向？,dynamic_relation,0,1,0,1,0,0,1,high,short_answer,0,high,车内视角
audit-0025,2,白色围墙在转弯前位于车辆哪一侧？,reference_frame,0,1,0,0,0,0,1,high,short_answer,0,high,驾驶者参照
audit-0025,3,车辆是否在转弯前完全停下？,temporal_order,0,0,0,1,0,0,1,intermediate,true_false,1,medium,抽帧不能判速度为零
audit-0026,1,游泳者从远处接近相机时是否一直面向相机？,orientation_facing,0,0,0,1,0,0,1,intermediate,true_false,0,high,朝向清楚
audit-0026,2,游泳者与相机之间的距离如何变化？,dynamic_relation,0,0,0,1,0,0,1,intermediate,short_answer,0,high,持续接近
audit-0026,3,游泳者到达近处前采用了什么泳姿？,action_event,0,0,0,1,0,0,1,intermediate,short_answer,1,medium,抽帧不足判具体泳姿
audit-0027,1,镜头先展示镜子还是先展示发光装饰灯？,temporal_order,0,0,0,1,0,0,0,intermediate,short_answer,0,high,顺序清楚
audit-0027,2,圆柱灯相对花瓶和相框位于哪里？,static_relation,0,0,0,0,0,0,0,low,short_answer,0,high,桌面布局清楚
audit-0027,3,手指接触灯顶后灯光状态是否改变？,deformation_state,0,0,0,1,0,1,1,intermediate,true_false,1,medium,亮度变化需视频确认
audit-0028,1,男子在走向镜头前手里拿着什么？,entity_attribute,0,0,0,0,0,0,1,low,short_answer,0,high,物体可见
audit-0028,2,男子停下后主要做了什么动作？,action_event,0,0,0,1,0,0,1,intermediate,short_answer,0,high,挥动双手
audit-0028,3,男子的手势是面向相机还是面向海面？,orientation_facing,0,1,0,0,0,0,1,high,multiple_choice,0,high,朝向清楚
audit-0029,1,镜头从农田转向道路发生在看到马之前还是之后？,temporal_order,0,0,0,1,0,0,0,intermediate,short_answer,0,high,顺序可见
audit-0029,2,道路两侧主要分布着什么？,static_relation,0,0,0,0,0,0,0,low,short_answer,0,high,农田与围栏
audit-0029,3,观察者的影子在道路上朝哪个方向延伸？,reference_frame,0,1,0,0,0,0,1,high,short_answer,0,medium,画面参照
audit-0030,1,狗先沿栈道远离相机还是先转向栏杆？,temporal_order,0,0,0,1,0,0,0,intermediate,short_answer,0,medium,轨迹可见
audit-0030,2,狗与右侧栏杆的距离如何变化？,dynamic_relation,0,0,0,1,0,0,0,intermediate,short_answer,0,medium,多帧比较
audit-0030,3,狗在远处变小后是否仍可被持续追踪？,occlusion_permanence,0,0,0,1,1,0,0,intermediate,true_false,0,medium,目标较小
audit-0031,1,水翼板在运动中是否始终高于水面？,dynamic_relation,0,0,0,1,0,0,1,intermediate,true_false,0,high,支柱入水
audit-0031,2,骑手相对岸边向哪个方向移动？,reference_frame,0,1,0,1,0,0,1,high,short_answer,0,medium,画面参照
audit-0031,3,骑手通过调整身体姿势达到什么即时目标？,action_goal,1,0,0,1,0,0,1,high,short_answer,1,medium,需完整动作确认
audit-0032,1,蓝队传中后球先到绿队球员还是守门员附近？,temporal_order,0,0,0,1,0,0,1,intermediate,short_answer,1,medium,球小且快速
audit-0032,2,球从边路向球门区的轨迹如何变化？,dynamic_relation,0,0,0,1,0,0,0,intermediate,short_answer,0,high,传中轨迹清楚
audit-0032,3,防守球员回撤的直接目标是封堵哪一区域？,action_goal,1,0,0,1,0,0,1,high,short_answer,1,medium,需连续位置判断
audit-0033,1,镜头移动时三脚架相对沙发的位置如何变化？,dynamic_relation,0,0,0,1,0,0,0,intermediate,short_answer,0,high,相机平移
audit-0033,2,三脚架位于沙发坐垫上还是地面上？,static_relation,0,0,0,0,0,0,0,low,multiple_choice,0,high,单帧可答
audit-0033,3,深色吸音板分布在浅色板的哪一侧？,static_relation,0,1,0,0,0,0,0,high,short_answer,0,medium,布局可见
audit-0034,1,镜头先展示发动机舱还是先展示驾驶舱？,temporal_order,0,0,0,1,0,0,0,intermediate,short_answer,0,high,切换清楚
audit-0034,2,两名男子交谈时主要面向彼此还是面向车辆？,orientation_facing,0,0,0,0,0,0,1,low,multiple_choice,0,medium,朝向可见
audit-0034,3,相机转向驾驶舱的直接目标是什么？,action_goal,1,0,0,1,0,0,1,high,short_answer,0,medium,展示内饰
audit-0035,1,传中球到达门前后哪队球员先触球？,temporal_order,0,0,0,1,0,0,1,intermediate,short_answer,1,low,球员密集需视频
audit-0035,2,球在门前混战中是否改变方向？,dynamic_relation,0,0,0,1,0,0,0,intermediate,true_false,0,medium,轨迹变化可见
audit-0035,3,守门员扑救的直接空间目标是哪一侧来球？,action_goal,1,1,0,1,0,0,1,high,short_answer,1,medium,需连续帧判断
audit-0036,1,钩针在织机上依次挑起了哪一排橡皮筋？,action_event,0,0,0,1,0,1,1,intermediate,short_answer,1,medium,细节需完整视频
audit-0036,2,蓝色橡皮筋的编织结构如何随操作变化？,deformation_state,0,0,0,1,0,1,0,intermediate,short_answer,0,medium,结构逐步收紧
audit-0036,3,操作者最后把工具移向织机哪一侧？,dynamic_relation,0,1,0,1,0,0,1,high,short_answer,0,medium,画面参照
audit-0037,1,白队射门前是否先突破了多名蓝队防守者？,temporal_order,0,0,0,1,0,0,1,intermediate,true_false,0,high,过程清楚
audit-0037,2,射门后球进入球门的哪一侧？,dynamic_relation,0,1,0,1,0,0,0,high,short_answer,1,medium,球小需完整视频
audit-0037,3,守门员扑救方向与来球方向是否一致？,reference_frame,0,1,0,1,0,0,1,high,true_false,1,medium,快速动作
audit-0038,1,镜头中人物出现前主要展示了什么景物？,temporal_order,0,0,0,1,0,0,1,intermediate,short_answer,0,high,薰衣草田
audit-0038,2,人物经过镜头后田间箱子位于画面哪一侧？,reference_frame,0,1,0,0,0,0,1,high,short_answer,0,medium,镜头往返
audit-0038,3,镜头平移是否改变了山峰与花田的上下关系？,static_relation,0,0,0,1,0,0,0,intermediate,true_false,0,high,上下关系稳定
audit-0039,1,女子进入石门时是否侧身通过？,orientation_facing,0,0,0,1,0,0,1,intermediate,true_false,0,high,门较窄
audit-0039,2,女子通过门洞前后是否短暂被石墙遮挡？,occlusion_permanence,0,0,0,1,1,0,1,intermediate,true_false,0,high,遮挡明显
audit-0039,3,石门上突出的石块分布在门洞两侧吗？,static_relation,0,0,0,0,0,0,0,low,true_false,0,high,单帧可答
audit-0040,1,男子在船内先指向座椅还是先指向地板？,temporal_order,0,0,0,1,0,0,1,intermediate,short_answer,1,medium,手势快速
audit-0040,2,方向盘相对蓝白座椅位于什么位置？,static_relation,0,0,0,0,0,0,0,low,short_answer,0,high,布局清楚
audit-0040,3,讲解者移动手势的直接目标是展示哪个船内区域？,action_goal,1,0,0,1,0,0,1,high,short_answer,0,medium,展示驾驶区
audit-0041,1,冲浪者接近岩石后是否离开冲浪板？,action_event,0,0,0,1,0,0,1,intermediate,true_false,0,high,可见
audit-0041,2,冲浪者与岩石的距离如何变化？,dynamic_relation,0,0,0,1,0,0,1,intermediate,short_answer,0,high,可见
audit-0041,3,冲浪者下板的直接目标是避免什么？,action_goal,1,0,0,1,0,0,1,high,short_answer,0,medium,推断即时避险
audit-0042,1,镜头先展示红色灯塔还是升降桥？,temporal_order,0,0,0,1,0,0,0,intermediate,short_answer,0,high,可见
audit-0042,2,小船相对防波堤如何移动？,dynamic_relation,0,0,0,1,0,0,0,intermediate,short_answer,0,medium,可见
audit-0042,3,升降桥的桥面处于抬起状态吗？,deformation_state,0,0,0,0,0,1,0,intermediate,true_false,0,high,可见
audit-0043,1,鱼竿弯曲后鱼何时出现在岸边？,occlusion_permanence,0,0,0,1,1,0,0,intermediate,short_answer,0,medium,末帧出现
audit-0043,2,鱼竿的弯曲程度如何变化？,deformation_state,0,0,0,1,0,1,1,intermediate,short_answer,0,high,可见
audit-0043,3,鱼最终位于浪线的陆侧还是海侧？,static_relation,0,1,0,0,0,0,0,high,multiple_choice,0,medium,末帧可见
audit-0044,1,飞机起飞后地面停机坪在画面中如何移动？,reference_frame,0,1,0,1,0,0,1,high,short_answer,0,high,机上视角
audit-0044,2,机翼相对跑道始终位于画面下方吗？,static_relation,0,0,0,1,0,0,0,intermediate,true_false,0,high,可见
audit-0044,3,飞机离地发生在经过航站楼之前吗？,temporal_order,0,0,0,1,0,0,0,intermediate,true_false,1,medium,需完整视频
audit-0045,1,男子打开了旧车的哪扇门？,action_event,0,0,0,1,0,0,1,intermediate,short_answer,0,high,可见
audit-0045,2,车门由关闭到打开属于什么状态变化？,deformation_state,0,0,0,1,0,1,0,intermediate,short_answer,0,high,可见
audit-0045,3,两人靠近汽车的直接目标是查看外观还是内饰？,action_goal,1,0,0,1,0,0,1,high,multiple_choice,0,medium,随后开门
audit-0046,1,天空中的小物体先下降还是先接近镜头？,temporal_order,0,0,0,1,0,0,0,intermediate,short_answer,1,low,目标过小
audit-0046,2,飞行物相对树梢高度如何变化？,dynamic_relation,0,0,0,1,0,0,0,intermediate,short_answer,1,medium,需视频
audit-0046,3,末段地面人物面向飞行物吗？,orientation_facing,0,0,0,0,0,0,1,low,true_false,0,medium,可见
audit-0047,1,车床加工前后木杆表面如何变化？,deformation_state,0,0,0,1,0,1,0,intermediate,short_answer,0,high,可见
audit-0047,2,操作者把工具接触旋转木杆的直接目标是什么？,action_goal,1,0,0,1,0,1,1,high,short_answer,0,high,塑形
audit-0047,3,加工后的木杆与旁边未加工木杆形状相同吗？,entity_attribute,0,0,0,0,0,0,0,low,true_false,0,high,末帧可答
audit-0048,1,镜头平移时输电塔何时进入画面中央？,dynamic_relation,0,0,0,1,0,0,0,intermediate,short_answer,0,high,可见
audit-0048,2,输电线位于城市建筑上方吗？,static_relation,0,0,0,0,0,0,0,low,true_false,0,high,可见
audit-0048,3,远处云层相对输电塔向哪侧移动？,reference_frame,0,1,0,1,0,0,0,high,short_answer,1,low,相机也移动
audit-0049,1,男子先调整车架还是先转动后轮？,temporal_order,0,0,0,1,0,0,1,intermediate,short_answer,0,high,可见
audit-0049,2,后轮组件在操作中发生了什么状态变化？,deformation_state,0,0,0,1,0,1,0,intermediate,short_answer,1,medium,需视频确认锁定
audit-0049,3,男子操作轮毂的直接目标是什么？,action_goal,1,0,0,1,0,0,1,high,short_answer,1,medium,展示折叠机构
audit-0050,1,橙色自行车是否装有后货架？,entity_attribute,0,0,0,0,0,0,0,low,true_false,0,high,可见
audit-0050,2,相机绕车移动时前轮相对画面如何变化？,dynamic_relation,0,1,0,1,0,0,1,high,short_answer,0,medium,可见
audit-0050,3,讲解者反复指向车架中部的目标是什么？,action_goal,1,0,0,1,0,0,1,high,short_answer,1,medium,需听讲或视频
audit-0051,1,男子抱起设备发生在蹲下之后吗？,temporal_order,0,0,0,1,0,0,1,intermediate,true_false,0,high,可见
audit-0051,2,设备上橙色束带是否保持固定？,deformation_state,0,0,0,1,0,1,0,intermediate,true_false,0,medium,可见
audit-0051,3,男子抱着设备走向厨房哪个方向？,dynamic_relation,0,1,0,1,0,0,1,high,short_answer,0,high,画面参照
audit-0052,1,驾驶员转动方向盘时车辆行进方向如何变化？,dynamic_relation,0,0,0,1,0,0,1,intermediate,short_answer,1,medium,外景有限
audit-0052,2,副驾驶是否在驾驶员转向后才进入画面？,temporal_order,0,0,0,1,0,0,1,intermediate,true_false,0,medium,可见
audit-0052,3,从后座看驾驶员位于观察者哪一侧？,reference_frame,0,1,0,0,0,0,1,high,short_answer,0,high,第一视角
audit-0053,1,镜头先展示海岸还是先展示男子面部？,temporal_order,0,0,0,1,0,0,1,intermediate,short_answer,0,high,可见
audit-0053,2,男子转头时由面向相机变为面向哪里？,orientation_facing,0,1,0,1,0,0,1,high,short_answer,0,high,面向海岸
audit-0053,3,浪线相对沙滩边缘如何推进？,dynamic_relation,0,0,0,1,0,0,0,intermediate,short_answer,0,medium,可见
audit-0054,1,男子先取下悬挂物还是先走向室外？,temporal_order,0,0,0,1,0,0,1,intermediate,short_answer,0,high,可见
audit-0054,2,悬挂物被取下后是否交给室外的人？,action_event,0,0,0,1,0,0,1,intermediate,true_false,1,medium,末段密集
audit-0054,3,男子取下物体的直接目标是什么？,action_goal,1,0,0,1,0,0,1,high,short_answer,1,low,用途不明
audit-0055,1,白车绕障碍物时行驶轨迹呈什么形状？,dynamic_relation,0,0,0,1,0,0,0,intermediate,short_answer,0,high,弧形转向
audit-0055,2,车辆最终是否朝向相机？,orientation_facing,0,1,0,1,0,0,0,high,true_false,0,high,可见
audit-0055,3,若保持当前转向车辆下一刻会靠近轮胎障碍吗？,physical_prediction,0,0,1,1,0,0,0,high,true_false,1,medium,预测需视频
audit-0056,1,两辆车在弯道上的前后关系是否改变？,dynamic_relation,0,0,0,1,0,0,0,intermediate,true_false,0,medium,可见
audit-0056,2,从俯视图看道路绕溪流哪一侧弯曲？,reference_frame,0,1,0,0,0,0,0,high,short_answer,0,high,俯视参照
audit-0056,3,前车进入急弯后后车是否缩短距离？,dynamic_relation,0,0,0,1,0,0,0,intermediate,true_false,1,medium,需视频
audit-0057,1,红色越野车的备胎安装在哪里？,static_relation,0,0,0,0,0,0,0,low,short_answer,0,high,车尾
audit-0057,2,相机绕车尾移动时蓝车从哪侧出现？,dynamic_relation,0,1,0,1,0,0,1,high,short_answer,0,high,画面参照
audit-0057,3,讲解者手势主要指向备胎还是车顶？,action_goal,1,0,0,1,0,0,1,high,multiple_choice,0,high,可见
audit-0058,1,飞行器从地面起飞后高度如何变化？,dynamic_relation,0,0,0,1,0,0,0,intermediate,short_answer,0,high,可见
audit-0058,2,飞行器升空前地面车辆是否移动？,temporal_order,0,0,0,1,0,0,0,intermediate,true_false,1,low,抽帧不足
audit-0058,3,飞行器最终相对树线位于上方吗？,static_relation,0,0,0,0,0,0,0,low,true_false,0,high,可见
audit-0059,1,冲浪者在一次浪上完成了几次明显转向？,action_event,0,0,0,1,0,0,1,intermediate,short_answer,1,medium,需完整视频
audit-0059,2,冲浪者相对浪峰的位置如何变化？,dynamic_relation,0,0,0,1,0,0,1,intermediate,short_answer,0,high,可见
audit-0059,3,浪破碎后冲浪者是否继续保持站立？,temporal_order,0,0,0,1,0,0,1,intermediate,true_false,0,high,可见
audit-0060,1,黑车接近人群时是否改变朝向？,orientation_facing,0,0,0,1,0,0,1,intermediate,true_false,0,medium,可见
audit-0060,2,人群在车辆靠近前是否向两侧让开？,action_event,0,0,0,1,0,0,1,intermediate,true_false,1,medium,需视频
audit-0060,3,车辆最终停在人群的哪一侧？,static_relation,0,1,0,0,0,0,1,high,short_answer,1,low,末段可能仍移动
audit-0061,1,大象沿道路行走时骑手始终面向前方吗？,orientation_facing,0,0,0,1,0,0,1,intermediate,true_false,0,high,可见
audit-0061,2,大象与随行人员的前后关系如何变化？,dynamic_relation,0,0,0,1,0,0,1,intermediate,short_answer,0,medium,可见
audit-0061,3,大象最终朝建筑还是远离建筑移动？,reference_frame,0,1,0,1,0,0,0,high,multiple_choice,0,medium,场景参照
audit-0062,1,镜头先展示海岸还是最后出现人物？,temporal_order,0,0,0,1,0,0,1,intermediate,short_answer,0,high,可见
audit-0062,2,孤立树位于果岭哪一侧？,static_relation,0,1,0,0,0,0,0,high,short_answer,0,high,画面参照
audit-0062,3,镜头平移时海岸线相对画面如何移动？,reference_frame,0,1,0,1,0,0,0,high,short_answer,0,medium,可见
audit-0063,1,敞篷车驶入弯道后朝向如何改变？,orientation_facing,0,0,0,1,0,0,1,intermediate,short_answer,0,high,可见
audit-0063,2,汽车与拍摄车辆的距离如何变化？,dynamic_relation,0,0,0,1,0,0,1,intermediate,short_answer,0,medium,镜头切换
audit-0063,3,驾驶员在弯道前面向道路前方吗？,orientation_facing,0,0,0,0,0,0,1,low,true_false,0,high,可见
audit-0064,1,钳子夹住墙内零件后零件是否被取出？,deformation_state,0,0,0,1,1,1,1,intermediate,true_false,0,medium,末帧手持零件
audit-0064,2,工具始终位于瓷砖孔洞的右侧吗？,static_relation,0,1,0,1,0,0,1,high,true_false,0,high,画面参照
audit-0064,3,操作者拉动钳子的直接目标是什么？,action_goal,1,0,0,1,0,1,1,high,short_answer,0,high,取出零件
audit-0065,1,观察者沿商场通道主要向前还是向后移动？,dynamic_relation,0,1,0,1,0,0,1,high,multiple_choice,0,high,第一视角
audit-0065,2,红色招牌商店位于通道哪一侧？,reference_frame,0,1,0,0,0,0,1,high,short_answer,0,high,画面参照
audit-0065,3,迎面行人是否在经过相机后离开视野？,occlusion_permanence,0,0,0,1,1,0,1,intermediate,true_false,0,high,可见
audit-0066,1,人群在广场中的密度随镜头移动如何变化？,dynamic_relation,0,0,0,1,0,0,1,intermediate,short_answer,0,medium,可见
audit-0066,2,纪念碑相对水池位于什么方向？,static_relation,0,1,0,0,0,0,0,high,short_answer,0,high,可见
audit-0066,3,推婴儿车的人是否从画面一侧走到另一侧？,dynamic_relation,0,1,0,1,0,0,1,high,true_false,1,medium,需连续追踪
audit-0067,1,摩托车驶过路口时向哪一侧转弯？,dynamic_relation,0,1,0,1,0,0,1,high,short_answer,0,high,第一视角
audit-0067,2,白色车辆最初位于骑手哪一侧？,reference_frame,0,1,0,0,0,0,1,high,short_answer,0,medium,可见
audit-0067,3,骑手转弯前是否减速？,temporal_order,0,0,0,1,0,0,1,intermediate,true_false,1,low,抽帧无法判速度
audit-0068,1,镜头先展示圣诞树还是蛋糕柜台？,temporal_order,0,0,0,1,0,0,0,intermediate,short_answer,0,high,可见
audit-0068,2,绿色蛋糕上主要装饰着什么形状？,entity_attribute,0,0,0,0,0,0,0,low,short_answer,0,high,树形
audit-0068,3,店员把蛋糕移向展示柜前方了吗？,dynamic_relation,0,0,0,1,0,0,1,intermediate,true_false,0,medium,可见
audit-0069,1,镜头平移时山谷先出现在画面哪一侧？,reference_frame,0,1,0,1,0,0,1,high,short_answer,0,medium,可见
audit-0069,2,道路位于陡坡上方还是下方？,static_relation,0,0,0,0,0,0,0,low,multiple_choice,0,high,可见
audit-0069,3,树木经过前景时是否短暂遮挡山谷？,occlusion_permanence,0,0,0,1,1,0,0,intermediate,true_false,0,high,可见
audit-0070,1,火箭在片段中是否发生真实位移？,dynamic_relation,0,0,0,1,0,0,0,intermediate,true_false,0,medium,主要为镜头移动
audit-0070,2,火箭尖端相对发射架位于什么方向？,static_relation,0,1,0,0,0,0,0,high,short_answer,0,high,可见
audit-0070,3,镜头从箭体下方向尖端移动吗？,reference_frame,0,1,0,1,0,0,1,high,true_false,0,high,可见
audit-0071,1,按下启动键后仪表盘发生什么状态变化？,deformation_state,0,0,0,1,0,1,1,intermediate,short_answer,0,high,点亮
audit-0071,2,启动动画先出现在左侧仪表还是中控屏？,temporal_order,0,0,0,1,0,0,0,intermediate,short_answer,1,medium,需视频
audit-0071,3,操作者按键的直接目标是什么？,action_goal,1,0,0,1,0,0,1,high,short_answer,0,high,启动车辆系统
audit-0072,1,黄衣人在雪坡上先蹲下还是先翻滚？,temporal_order,0,0,0,1,0,0,1,intermediate,short_answer,0,high,可见
audit-0072,2,翻滚后他相对相机向哪个方向移动？,dynamic_relation,0,1,0,1,0,0,1,high,short_answer,0,medium,画面参照
audit-0072,3,他在翻滚结束后是否恢复站立？,action_event,0,0,0,1,0,0,1,intermediate,true_false,0,high,可见
audit-0073,1,冲浪者在浪上是否多次改变朝向？,orientation_facing,0,0,0,1,0,0,1,intermediate,true_false,0,high,可见
audit-0073,2,冲浪板相对浪峰的位置如何变化？,dynamic_relation,0,0,0,1,0,0,1,intermediate,short_answer,0,high,可见
audit-0073,3,冲浪者抬起前脚的直接目标是保持平衡吗？,action_goal,1,0,0,1,0,0,1,high,true_false,1,medium,需视频
audit-0074,1,蓝车在弯道中是否始终朝向相机？,orientation_facing,0,1,0,1,0,0,0,high,true_false,0,high,可见
audit-0074,2,蓝车相对车道边线如何移动？,dynamic_relation,0,0,0,1,0,0,0,intermediate,short_answer,0,medium,可见
audit-0074,3,若维持当前轨迹车辆会接近弯道内侧吗？,physical_prediction,0,0,1,1,0,0,0,high,true_false,1,medium,预测
audit-0075,1,镜头是否从悍马车头移动到车尾？,dynamic_relation,0,1,0,1,0,0,1,high,true_false,0,high,可见
audit-0075,2,车辆后部是否装有外置备胎？,entity_attribute,0,0,0,0,0,0,0,low,true_false,0,high,可见
audit-0075,3,后车门相对尾灯位于哪一侧？,static_relation,0,1,0,0,0,0,0,high,short_answer,0,medium,可见
audit-0076,1,男子先演示绳结还是先在船上讲解？,temporal_order,0,0,0,1,0,0,1,intermediate,short_answer,0,high,剪辑切换
audit-0076,2,绳索在手中形成了什么结构？,deformation_state,0,0,0,1,0,1,1,intermediate,short_answer,1,medium,需完整视频
audit-0076,3,男子拉动绳索的直接目标是什么？,action_goal,1,0,0,1,0,1,1,high,short_answer,1,medium,演示固定方式
audit-0077,1,男子按压后车门区域后车门是否打开？,deformation_state,0,0,0,1,0,1,1,intermediate,true_false,0,high,未打开
audit-0077,2,男子先指向门把手还是车牌上方？,temporal_order,0,0,0,1,0,0,1,intermediate,short_answer,1,medium,需视频
audit-0077,3,讲解手势的直接目标是展示哪个车尾部件？,action_goal,1,0,0,1,0,0,1,high,short_answer,0,medium,后门开启区域
audit-0078,1,冲浪者是否进入浪管后再出来？,occlusion_permanence,0,0,0,1,1,0,1,intermediate,true_false,0,high,可见
audit-0078,2,冲浪者在浪壁上的高度如何变化？,dynamic_relation,0,0,0,1,0,0,1,intermediate,short_answer,0,high,可见
audit-0078,3,浪管闭合前冲浪者朝哪一侧转向？,orientation_facing,0,1,0,1,0,0,1,high,short_answer,1,medium,需视频
audit-0079,1,绳索在操作后形成了几个环？,deformation_state,0,0,0,1,0,1,1,intermediate,short_answer,0,medium,末帧可见
audit-0079,2,右手先穿绳还是先拉紧绳端？,temporal_order,0,0,0,1,0,1,1,intermediate,short_answer,1,medium,需视频
audit-0079,3,制作绳结的直接目标是固定上方绳环吗？,action_goal,1,0,0,1,0,1,1,high,true_false,1,medium,用途推断
audit-0080,1,女子收线时鱼竿弯曲程度如何变化？,deformation_state,0,0,0,1,0,1,1,intermediate,short_answer,0,high,可见
audit-0080,2,女子反复转动渔轮的直接目标是什么？,action_goal,1,0,0,1,0,0,1,high,short_answer,0,high,收线
audit-0080,3,鱼是否在片段中露出水面？,occlusion_permanence,0,0,0,1,1,0,0,intermediate,true_false,1,low,抽帧未见鱼
audit-0081,1,金属条经过工具后是否弯曲？,deformation_state,0,0,0,1,0,1,1,intermediate,true_false,0,high,可见
audit-0081,2,操作者先插入金属条还是先拉动手柄？,temporal_order,0,0,0,1,0,1,1,intermediate,short_answer,1,medium,需视频
audit-0081,3,使用工具的直接目标是什么？,action_goal,1,0,0,1,0,1,1,high,short_answer,0,high,弯折金属条
audit-0082,1,车辆在弯路上是否改变朝向？,orientation_facing,0,0,0,1,0,0,1,intermediate,true_false,0,high,可见
audit-0082,2,驾驶员转动方向盘发生在进入弯道前吗？,temporal_order,0,0,0,1,0,0,1,intermediate,true_false,1,medium,需视频
audit-0082,3,道路从驾驶者视角向哪侧弯曲？,reference_frame,0,1,0,1,0,0,1,high,short_answer,0,high,可见
audit-0083,1,赛马群的领先位置是否发生变化？,dynamic_relation,0,0,0,1,0,0,1,intermediate,true_false,1,medium,个体难辨
audit-0083,2,马群相对内侧栏杆如何移动？,dynamic_relation,0,0,0,1,0,0,0,intermediate,short_answer,0,high,可见
audit-0083,3,冲线前马群是否逐渐拉开距离？,temporal_order,0,0,0,1,0,0,0,intermediate,true_false,1,medium,需视频
audit-0084,1,蓝白小船相对驳船向哪侧移动？,dynamic_relation,0,1,0,1,0,0,0,high,short_answer,0,medium,可见
audit-0084,2,驳船位于河对岸建筑前方吗？,static_relation,0,0,0,0,0,0,0,low,true_false,0,high,可见
audit-0084,3,栏杆是否始终位于画面下方？,static_relation,0,0,0,1,0,0,0,intermediate,true_false,0,high,可见
audit-0085,1,摩托车从路边起步后驶向哪侧？,dynamic_relation,0,1,0,1,0,0,1,high,short_answer,0,high,第一视角
audit-0085,2,骑手在起步前是否先转动车把？,temporal_order,0,0,0,1,0,0,1,intermediate,true_false,1,medium,需视频
audit-0085,3,路边邮箱从骑手视角位于哪一侧？,reference_frame,0,1,0,0,0,0,1,high,short_answer,0,high,可见
audit-0086,1,滑雪者在片段中完成了几次跳跃？,action_event,0,0,0,1,0,0,1,intermediate,short_answer,1,medium,需视频
audit-0086,2,滑雪者落地后是否继续保持平衡？,physical_prediction,0,0,0,1,0,0,1,high,true_false,0,high,结果可见
audit-0086,3,滑雪者在转弯时朝向如何改变？,orientation_facing,0,0,0,1,0,0,1,intermediate,short_answer,0,high,可见
audit-0087,1,镜头先展示石像还是先展示戴口罩男子？,temporal_order,0,0,0,1,0,0,1,intermediate,short_answer,0,high,可见
audit-0087,2,石像分布在步道哪一侧？,static_relation,0,1,0,0,0,0,0,high,short_answer,0,high,可见
audit-0087,3,男子指向石像时面向哪里？,orientation_facing,0,1,0,0,0,0,1,high,short_answer,0,medium,可见
audit-0088,1,镜头移动时海滨住宅何时进入中央？,dynamic_relation,0,0,0,1,0,0,0,intermediate,short_answer,0,high,可见
audit-0088,2,住宅位于水面的哪一侧？,static_relation,0,1,0,0,0,0,0,high,short_answer,0,high,可见
audit-0088,3,前景树木是否短暂遮挡住宅？,occlusion_permanence,0,0,0,1,1,0,0,intermediate,true_false,0,high,可见
audit-0089,1,男子用绳索固定了什么物体？,action_event,0,0,0,1,0,0,1,intermediate,short_answer,0,high,木杆或漂流木
audit-0089,2,绳索结构在拉紧后如何变化？,deformation_state,0,0,0,1,0,1,1,intermediate,short_answer,0,medium,可见
audit-0089,3,男子系绳的直接目标是什么？,action_goal,1,0,0,1,0,1,1,high,short_answer,1,medium,用途需视频
audit-0090,1,孩子们先聚集还是先散开？,temporal_order,0,0,0,1,0,0,1,intermediate,short_answer,0,medium,可见
audit-0090,2,黑衣男子出现后走向镜头吗？,dynamic_relation,0,0,0,1,0,0,1,intermediate,true_false,0,high,可见
audit-0090,3,孩子们主要面向相机还是远离相机？,orientation_facing,0,0,0,0,0,0,1,low,multiple_choice,0,medium,朝向不一
audit-0091,1,遥控飞行器相对操作者如何移动？,dynamic_relation,0,0,0,1,0,0,1,intermediate,short_answer,0,medium,可见
audit-0091,2,飞行器是否始终高于草地？,static_relation,0,0,0,1,0,0,0,intermediate,true_false,0,high,可见
audit-0091,3,操作者转身的直接目标是持续跟踪飞行器吗？,action_goal,1,0,0,1,0,0,1,high,true_false,1,medium,需视频
audit-0092,1,雨中吊饰摆动方向是否改变？,dynamic_relation,0,0,0,1,0,0,0,intermediate,true_false,1,medium,需视频
audit-0092,2,吊饰位于远处岛屿的哪一侧？,static_relation,0,1,0,0,0,0,0,high,short_answer,0,high,画面参照
audit-0092,3,雨势是否使远岸逐渐更难看清？,occlusion_permanence,0,0,0,1,1,0,0,intermediate,true_false,0,medium,可见
audit-0093,1,无人机何时从湖对岸进入画面？,occlusion_permanence,0,0,0,1,1,0,0,intermediate,short_answer,0,high,中段出现
audit-0093,2,无人机相对湖面高度如何变化？,dynamic_relation,0,0,0,1,0,0,0,intermediate,short_answer,0,medium,可见
audit-0093,3,无人机飞过时位于高楼上方吗？,static_relation,0,1,0,0,0,0,0,high,true_false,0,medium,画面参照
audit-0094,1,摩托车经过斑马线后是否改变车道？,dynamic_relation,0,0,0,1,0,0,1,intermediate,true_false,1,medium,需视频
audit-0094,2,对向白车位于骑手哪一侧？,reference_frame,0,1,0,0,0,0,1,high,short_answer,0,high,第一视角
audit-0094,3,道路标线先出现斑马线还是转向箭头？,temporal_order,0,0,0,1,0,0,0,intermediate,short_answer,0,medium,可见
audit-0095,1,镜头沿商店街移动时先经过果蔬店还是服装店？,temporal_order,0,0,0,1,0,0,1,intermediate,short_answer,0,high,可见
audit-0095,2,黄色立柱位于通道哪一侧？,reference_frame,0,1,0,0,0,0,1,high,short_answer,0,high,画面参照
audit-0095,3,迎面行人经过后是否离开视野？,occlusion_permanence,0,0,0,1,1,0,1,intermediate,true_false,0,high,可见
audit-0096,1,红车在片段中完成了几次明显转向？,action_event,0,0,0,1,0,0,1,intermediate,short_answer,1,medium,需视频
audit-0096,2,红车驶远后是否再次靠近相机？,dynamic_relation,0,0,0,1,0,0,1,intermediate,true_false,0,high,可见
audit-0096,3,车辆最终朝向画面哪一侧？,orientation_facing,0,1,0,1,0,0,0,high,short_answer,0,medium,可见
audit-0097,1,男子在走廊中先经过照片墙还是无障碍标志？,temporal_order,0,0,0,1,0,0,1,intermediate,short_answer,0,high,可见
audit-0097,2,男子移动时始终手持什么？,entity_attribute,0,0,0,1,0,0,1,intermediate,short_answer,0,high,手机
audit-0097,3,男子最终朝哪个出口方向转身？,orientation_facing,0,1,0,1,0,0,1,high,short_answer,1,medium,需视频
audit-0098,1,冲浪者何时被浪花完全遮挡？,occlusion_permanence,0,0,0,1,1,0,1,intermediate,short_answer,0,high,可见
audit-0098,2,冲浪板在摔倒后呈什么朝向？,orientation_facing,0,1,0,1,0,0,0,high,short_answer,0,medium,可见
audit-0098,3,冲浪者失去平衡前是否完成转向？,temporal_order,0,0,0,1,0,0,1,intermediate,true_false,1,medium,需视频
audit-0099,1,深红汽车先正对镜头还是先侧向经过？,temporal_order,0,0,0,1,0,0,0,intermediate,short_answer,0,high,可见
audit-0099,2,汽车经过镜头时朝向如何改变？,orientation_facing,0,0,0,1,0,0,0,intermediate,short_answer,0,high,可见
audit-0099,3,车辆最终停在道路上吗？,action_event,0,0,0,1,0,0,0,intermediate,true_false,1,low,剪辑切换
audit-0100,1,窗外白车相对观察者向哪侧移动？,reference_frame,0,1,0,1,0,0,1,high,short_answer,0,high,车内视角
audit-0100,2,白车是否被前景仪表台遮挡过？,occlusion_permanence,0,0,0,1,1,0,0,intermediate,true_false,0,medium,部分遮挡
audit-0100,3,相邻住宅的橙色墙面位于灰色墙面哪侧？,static_relation,0,1,0,0,0,0,0,high,short_answer,0,high,可见
audit-0101,1,鱼从水下出现到被举起经历了什么顺序？,temporal_order,0,0,0,1,1,0,1,intermediate,short_answer,0,high,可见
audit-0101,2,鱼竿弯曲程度在鱼靠近船时如何变化？,deformation_state,0,0,0,1,0,1,1,intermediate,short_answer,1,medium,需视频
audit-0101,3,鱼最终位于船的哪一侧？,reference_frame,0,1,0,0,0,0,1,high,short_answer,0,medium,第一视角
audit-0102,1,两辆摩托车的前后关系在比赛中是否改变？,dynamic_relation,0,0,0,1,0,0,1,intermediate,true_false,1,medium,需视频
audit-0102,2,摩托车经过观众席前是否先产生烟雾？,temporal_order,0,0,0,1,0,0,0,intermediate,true_false,0,medium,可见
audit-0102,3,领先车辆位于赛道哪一侧？,static_relation,0,1,0,0,0,0,0,high,short_answer,1,low,车辆难辨
audit-0103,1,鱼竿在末段是否明显弯曲？,deformation_state,0,0,0,1,0,1,1,intermediate,true_false,0,high,可见
audit-0103,2,水下目标何时从不可见变为可见？,occlusion_permanence,0,0,0,1,1,0,0,intermediate,short_answer,1,low,抽帧未见
audit-0103,3,若继续收线目标会更靠近观察者吗？,physical_prediction,0,0,1,1,0,0,1,high,true_false,1,medium,预测
audit-0104,1,镜头先展示座椅还是驾驶位控制键？,temporal_order,0,0,0,1,0,0,0,intermediate,short_answer,0,high,可见
audit-0104,2,橙色饰边分布在座椅什么位置？,static_relation,0,0,0,0,0,0,0,low,short_answer,0,high,边缘
audit-0104,3,手指指向控制键的直接目标是什么？,action_goal,1,0,0,1,0,0,1,high,short_answer,1,medium,功能需视频
audit-0105,1,橙衣男子是否反复低头操作物体？,action_event,0,0,0,1,0,0,1,intermediate,true_false,0,high,可见
audit-0105,2,他先抬头还是先戴上蓝色手套？,temporal_order,0,0,0,1,0,0,1,intermediate,short_answer,1,low,抽帧不清
audit-0105,3,操作的直接目标位于栏杆上方还是下方？,static_relation,0,1,0,0,0,0,1,high,multiple_choice,0,medium,可见
audit-0106,1,小鱼先被女子握住还是先交给另一双手？,temporal_order,0,0,0,1,0,0,1,intermediate,short_answer,0,high,可见
audit-0106,2,鱼钩从鱼口取出后鱼的状态如何变化？,deformation_state,0,0,0,1,0,1,0,intermediate,short_answer,1,medium,需视频
audit-0106,3,两人操作鱼钩的直接目标是什么？,action_goal,1,0,0,1,0,0,1,high,short_answer,0,high,取钩
audit-0107,1,遥控直升机先升空还是先降落？,temporal_order,0,0,0,1,0,0,0,intermediate,short_answer,0,high,可见
audit-0107,2,直升机相对树篱高度如何变化？,dynamic_relation,0,0,0,1,0,0,0,intermediate,short_answer,0,high,可见
audit-0107,3,着陆时机身朝向是否保持稳定？,orientation_facing,0,0,0,1,0,0,0,intermediate,true_false,1,medium,需视频
audit-0108,1,背包男子先指向山体还是先转身？,temporal_order,0,0,0,1,0,0,1,intermediate,short_answer,0,high,可见
audit-0108,2,男子指向的目标位于人群哪一侧？,reference_frame,0,1,0,0,0,0,1,high,short_answer,0,medium,画面参照
audit-0108,3,人群是否朝同一方向移动？,orientation_facing,0,0,0,1,0,0,1,intermediate,true_false,0,medium,可见
audit-0109,1,手指反复指向包装盒的哪个区域？,action_goal,1,0,0,1,0,0,1,high,short_answer,0,high,正面图案
audit-0109,2,包装盒位于黑色桌子的哪一侧？,static_relation,0,1,0,0,0,0,0,high,short_answer,0,high,可见
audit-0109,3,盒子在讲解过程中是否改变位置？,dynamic_relation,0,0,0,1,0,0,1,intermediate,true_false,0,medium,轻微移动
audit-0110,1,黑狗与白狗是否朝同一方向奔跑？,orientation_facing,0,0,0,1,0,0,0,intermediate,true_false,0,medium,可见
audit-0110,2,两只狗的前后关系如何变化？,dynamic_relation,0,0,0,1,0,0,0,intermediate,short_answer,0,medium,可见
audit-0110,3,狗是否短暂进入灌木遮挡区？,occlusion_permanence,0,0,0,1,1,0,0,intermediate,true_false,0,medium,可见
audit-0111,1,镜头移动时村庄从哪侧进入画面？,reference_frame,0,1,0,1,0,0,1,high,short_answer,0,high,可见
audit-0111,2,草地位于村庄前方吗？,static_relation,0,0,0,0,0,0,0,low,true_false,0,high,可见
audit-0111,3,前景灌木是否遮挡部分房屋？,occlusion_permanence,0,0,0,1,1,0,0,intermediate,true_false,0,high,可见
audit-0112,1,海鸟接近船时与相机距离如何变化？,dynamic_relation,0,0,0,1,0,0,0,intermediate,short_answer,0,high,可见
audit-0112,2,海鸟是否从海面上方飞到船旁？,temporal_order,0,0,0,1,0,0,0,intermediate,true_false,0,high,可见
audit-0112,3,最近的海鸟相对船体位于哪一侧？,reference_frame,0,1,0,0,0,0,1,high,short_answer,0,medium,船上视角
audit-0113,1,镜头先经过车辆还是先看到远处马匹？,temporal_order,0,0,0,1,0,0,0,intermediate,short_answer,0,high,可见
audit-0113,2,马匹位于停放车辆的哪一侧？,static_relation,0,1,0,0,0,0,0,high,short_answer,0,high,可见
audit-0113,3,前景车顶是否遮挡过马匹？,occlusion_permanence,0,0,0,1,1,0,0,intermediate,true_false,0,medium,部分遮挡
audit-0114,1,小船先进入桥下还是先经过桥墩？,temporal_order,0,0,0,1,0,0,1,intermediate,short_answer,0,high,可见
audit-0114,2,桥墩相对小船从哪侧经过？,reference_frame,0,1,0,1,0,0,1,high,short_answer,0,high,船上视角
audit-0114,3,驶出桥下后桥体是否离开视野？,occlusion_permanence,0,0,0,1,1,0,1,intermediate,true_false,0,high,可见
audit-0115,1,镜头先展示车身外壳还是先展示尾部孔洞？,temporal_order,0,0,0,1,0,0,0,intermediate,short_answer,0,high,可见
audit-0115,2,车身尾部缺失了哪些部件？,deformation_state,0,0,0,0,0,1,0,intermediate,short_answer,0,medium,孔洞可见
audit-0115,3,讲解者转向尾部的直接目标是什么？,action_goal,1,0,0,1,0,0,1,high,short_answer,0,medium,展示修复区域
audit-0116,1,白车在空地中是否完成转弯？,action_event,0,0,0,1,0,0,0,intermediate,true_false,0,high,可见
audit-0116,2,白车相对仓库的距离如何变化？,dynamic_relation,0,0,0,1,0,0,0,intermediate,short_answer,0,high,先接近后远离
audit-0116,3,白车最终朝哪个方向驶离？,orientation_facing,0,1,0,1,0,0,0,high,short_answer,0,medium,画面参照
audit-0117,1,车辆先驶入主路还是先遇到红灯？,temporal_order,0,0,0,1,0,0,1,intermediate,short_answer,0,high,可见
audit-0117,2,并排行驶车辆的左右关系如何变化？,dynamic_relation,0,1,0,1,0,0,1,high,short_answer,1,medium,需视频
audit-0117,3,驾驶者在红灯前是否停在其他车辆后方？,static_relation,0,0,0,1,0,0,1,intermediate,true_false,0,high,可见
audit-0118,1,镜头从房车前门移动到后门吗？,dynamic_relation,0,1,0,1,0,0,1,high,true_false,0,high,可见
audit-0118,2,遮阳篷在片段中保持展开吗？,deformation_state,0,0,0,1,0,1,0,intermediate,true_false,0,high,可见
audit-0118,3,后门相对侧窗位于哪一侧？,static_relation,0,1,0,0,0,0,0,high,short_answer,0,high,可见
audit-0119,1,骑手经过路口时前车向哪侧移动？,reference_frame,0,1,0,1,0,0,1,high,short_answer,0,high,第一视角
audit-0119,2,骑手在通过停止线前是否减速？,temporal_order,0,0,0,1,0,0,1,intermediate,true_false,1,low,抽帧无法判速度
audit-0119,3,前方红车与骑手的距离如何变化？,dynamic_relation,0,0,0,1,0,0,1,intermediate,short_answer,0,medium,可见
audit-0120,1,男子先拆开包装还是先取出电池？,temporal_order,0,0,0,1,0,0,1,intermediate,short_answer,0,high,可见
audit-0120,2,桌面物品在拆包过程中如何重新排列？,dynamic_relation,0,0,0,1,0,0,1,intermediate,short_answer,0,medium,可见
audit-0120,3,男子打开说明书的直接目标是什么？,action_goal,1,0,0,1,0,0,1,high,short_answer,0,medium,查看安装说明
