audit_item_id,proposal_no,question_text_cn,primary_capability,intent_required,reference_transform,prediction_or_counterfactual,temporal_integration,occlusion_tracking,deformation_tracking,human_involved,reasoning_level,question_format,needs_full_video,confidence,author_notes,review_status,excluded_from_coverage
audit-0001,1,滑雪者是否完整滑过栏杆后落回雪面？,action_event,0,0,0,1,0,0,1,intermediate,short_answer,0,high,20帧全时段接触表可支持该具体题意。,not_reviewed_64frame,0
audit-0001,2,滑雪板相对栏杆的高度和方向如何变化？,dynamic_relation,0,0,0,1,0,0,1,intermediate,short_answer,0,medium,20帧可见相关实体，但连续轨迹或动作结果需完整视频确认。,confirmed,0
audit-0001,3,摔倒发生在越过栏杆之前还是之后？,temporal_order,0,0,0,1,0,0,1,intermediate,short_answer,0,high,20帧全时段接触表可支持该具体题意。,not_reviewed_64frame,0
audit-0002,1,男子举枪后水面的鸟群发生了什么变化？,action_event,0,0,0,1,0,0,1,intermediate,short_answer,1,medium,20帧可见相关实体，但连续轨迹或动作结果需完整视频确认。,still_uncertain,0
audit-0002,2,鸟群从水面向哪个方向飞离？,dynamic_relation,0,0,0,1,0,0,1,intermediate,short_answer,1,medium,20帧可见相关实体，但连续轨迹或动作结果需完整视频确认。,still_uncertain,0
audit-0002,3,男子的枪口主要朝向水面还是天空？,orientation_facing,0,0,0,1,0,0,1,intermediate,short_answer,0,high,20帧全时段接触表可支持该具体题意。,not_reviewed_64frame,0
audit-0003,1,乌云在房屋上空是否发生明显位移？,dynamic_relation,0,0,0,1,0,0,0,intermediate,short_answer,1,medium,20帧可见相关实体，但连续轨迹或动作结果需完整视频确认。,still_uncertain,0
audit-0003,2,镜头中最显眼的房屋位于山体前方还是后方？,static_relation,0,0,0,0,0,0,0,low,short_answer,0,high,20帧全时段接触表可支持该具体题意。,not_reviewed_64frame,0
audit-0003,3,镜头先呈现山体还是近处房屋？,temporal_order,0,0,0,1,0,0,0,intermediate,short_answer,0,high,20帧全时段接触表可支持该具体题意。,not_reviewed_64frame,0
audit-0004,1,皮划艇上的人最终把鱼移到艇内还是水外？,action_event,0,0,0,1,0,0,1,intermediate,short_answer,0,high,20帧全时段接触表可支持该具体题意。,not_reviewed_64frame,0
audit-0004,2,浮标相对皮划艇的位置如何变化？,dynamic_relation,0,0,0,1,0,0,1,intermediate,short_answer,0,medium,20帧可见相关实体，但连续轨迹或动作结果需完整视频确认。,confirmed,0
audit-0004,3,人先展示鱼还是先处理鱼钩？,temporal_order,0,0,0,1,0,0,1,intermediate,short_answer,0,high,20帧全时段接触表可支持该具体题意。,not_reviewed_64frame,0
audit-0005,1,冲浪者进入浪管后是否再次清晰出现？,occlusion_permanence,0,0,0,1,1,0,1,intermediate,short_answer,0,high,20帧全时段接触表可支持该具体题意。,not_reviewed_64frame,0
audit-0005,2,冲浪者沿浪壁的运动方向如何变化？,dynamic_relation,0,0,0,1,0,0,1,intermediate,short_answer,0,medium,20帧可见相关实体，但连续轨迹或动作结果需完整视频确认。,confirmed,0
audit-0005,3,浪花完全遮住冲浪者发生在其转向之前还是之后？,temporal_order,0,0,0,1,0,0,1,intermediate,short_answer,0,high,20帧全时段接触表可支持该具体题意。,not_reviewed_64frame,0
audit-0006,1,镜头依次展示了几名坐着的老人？,entity_attribute,0,0,0,0,0,0,1,low,short_answer,0,high,20帧全时段接触表可支持该具体题意。,not_reviewed_64frame,0
audit-0006,2,戴帽老人把视线转向了哪一侧？,orientation_facing,0,0,0,1,0,0,1,intermediate,short_answer,1,medium,20帧可见相关实体，但连续轨迹或动作结果需完整视频确认。,still_uncertain,0
audit-0006,3,戴蓝帽的人在戴宽檐帽的人之前还是之后出现？,temporal_order,0,0,0,1,0,0,1,intermediate,short_answer,0,high,20帧全时段接触表可支持该具体题意。,not_reviewed_64frame,0
audit-0007,1,大型银色鱼与红色虾哪一个先出现？,temporal_order,0,0,0,1,0,0,0,intermediate,short_answer,0,high,20帧全时段接触表可支持该具体题意。,not_reviewed_64frame,0
audit-0007,2,虾在水草上的朝向是否发生改变？,orientation_facing,0,0,0,1,0,0,0,intermediate,short_answer,0,medium,20帧可见相关实体，但连续轨迹或动作结果需完整视频确认。,confirmed,0
audit-0007,3,前半段可见的大型银色鱼有几条？,entity_attribute,0,0,0,0,0,0,0,low,short_answer,0,high,20帧全时段接触表可支持该具体题意。,not_reviewed_64frame,0
audit-0008,1,浪峰朝岸边推进时形状如何变化？,deformation_state,0,0,0,1,0,1,0,intermediate,short_answer,0,medium,20帧可见相关实体，但连续轨迹或动作结果需完整视频确认。,confirmed,0
audit-0008,2,最亮的阳光反射位于浪峰前方还是后方？,static_relation,0,0,0,0,0,0,0,low,short_answer,0,high,20帧全时段接触表可支持该具体题意。,not_reviewed_64frame,0
audit-0008,3,同一条浪峰是否持续横跨整个画面？,dynamic_relation,0,0,0,1,0,0,0,intermediate,short_answer,1,medium,20帧可见相关实体，但连续轨迹或动作结果需完整视频确认。,still_uncertain,0
audit-0009,1,水面相对远岸树木的位置是否保持稳定？,static_relation,0,0,0,0,0,0,0,low,short_answer,0,high,20帧全时段接触表可支持该具体题意。,not_reviewed_64frame,0
audit-0009,2,从画面参照系看，岸线相对相机向哪一侧移动？,reference_frame,0,1,0,1,0,0,0,high,short_answer,0,high,20帧可见相关实体，但连续轨迹或动作结果需完整视频确认。,revised,0
audit-0009,3,水面反光区域随镜头移动发生了什么变化？,dynamic_relation,0,0,0,1,0,0,0,intermediate,short_answer,0,medium,20帧可见相关实体，但连续轨迹或动作结果需完整视频确认。,confirmed,0
audit-0010,1,镜头从高尔夫球员转向果岭旗杆的顺序是什么？,temporal_order,0,0,0,1,0,0,1,intermediate,short_answer,0,high,20帧全时段接触表可支持该具体题意。,not_reviewed_64frame,0
audit-0010,2,球员与球洞之间的距离随镜头推进如何变化？,dynamic_relation,0,0,0,1,0,0,1,intermediate,short_answer,0,medium,20帧可见相关实体，但连续轨迹或动作结果需完整视频确认。,confirmed,0
audit-0010,3,果岭旗杆位于沙坑的哪一侧？,static_relation,0,0,0,0,0,0,1,low,short_answer,0,high,20帧全时段接触表可支持该具体题意。,not_reviewed_64frame,0
audit-0011,1,无人机是先远离相机还是先靠近相机？,temporal_order,0,0,0,1,0,0,0,intermediate,short_answer,0,medium,20帧可见相关实体，但连续轨迹或动作结果需完整视频确认。,confirmed,0
audit-0011,2,无人机相对地面的高度如何变化？,dynamic_relation,0,0,0,1,0,0,0,intermediate,short_answer,0,medium,20帧可见相关实体，但连续轨迹或动作结果需完整视频确认。,confirmed,0
audit-0011,3,无人机最终是否回到近地面位置？,action_event,0,0,0,1,0,0,0,intermediate,short_answer,0,high,20帧全时段接触表可支持该具体题意。,not_reviewed_64frame,0
audit-0012,1,高尔夫球最终停在洞口的哪一侧？,static_relation,0,0,0,0,0,0,1,low,short_answer,0,high,20帧全时段接触表可支持该具体题意。,not_reviewed_64frame,0
audit-0012,2,击球后球与旗杆之间的距离如何变化？,dynamic_relation,0,0,0,1,0,0,1,intermediate,short_answer,1,medium,20帧可见相关实体，但连续轨迹或动作结果需完整视频确认。,still_uncertain,0
audit-0012,3,球员先击球还是另一人走近洞口？,temporal_order,0,0,0,1,0,0,1,intermediate,short_answer,0,high,20帧全时段接触表可支持该具体题意。,not_reviewed_64frame,0
audit-0013,1,拍摄车辆经过帐篷区时白色皮卡位于镜头哪一侧？,reference_frame,0,1,0,1,0,0,1,high,short_answer,0,medium,20帧可见相关实体，但连续轨迹或动作结果需完整视频确认。,confirmed,0
audit-0013,2,车辆与大型透明帐篷的距离如何变化？,dynamic_relation,0,0,0,1,0,0,1,intermediate,short_answer,0,medium,20帧可见相关实体，但连续轨迹或动作结果需完整视频确认。,confirmed,0
audit-0013,3,镜头先经过小帐篷还是大型透明帐篷？,temporal_order,0,0,0,1,0,0,1,intermediate,short_answer,0,high,20帧全时段接触表可支持该具体题意。,not_reviewed_64frame,0
audit-0014,1,黑马从侧向行进转为朝相机靠近了吗？,orientation_facing,0,0,0,1,0,0,1,intermediate,short_answer,0,high,20帧全时段接触表可支持该具体题意。,not_reviewed_64frame,0
audit-0014,2,骑手与相机之间的距离如何变化？,dynamic_relation,0,0,0,1,0,0,1,intermediate,short_answer,0,medium,20帧可见相关实体，但连续轨迹或动作结果需完整视频确认。,confirmed,0
audit-0014,3,马匹在靠近过程中是否改变步态？,action_event,0,0,0,1,0,0,1,intermediate,short_answer,1,medium,20帧可见相关实体，但连续轨迹或动作结果需完整视频确认。,still_uncertain,0
audit-0015,1,记者展示天花板破损是在采访住户之前还是之后？,temporal_order,0,0,0,1,0,0,1,intermediate,short_answer,0,high,20帧全时段接触表可支持该具体题意。,not_reviewed_64frame,0
audit-0015,2,住户用手指向了房间的哪个方向？,orientation_facing,0,0,0,1,0,0,1,intermediate,short_answer,0,high,20帧全时段接触表可支持该具体题意。,not_reviewed_64frame,0
audit-0015,3,天花板缺口相对吊灯位于哪一侧？,static_relation,0,0,0,0,0,0,1,low,short_answer,0,high,20帧全时段接触表可支持该具体题意。,not_reviewed_64frame,0
audit-0016,1,男子对肉块使用工具后肉块是否被分离？,deformation_state,0,0,0,1,0,1,1,intermediate,short_answer,0,medium,20帧可见相关实体，但连续轨迹或动作结果需完整视频确认。,confirmed,0
audit-0016,2,工具接触肉块发生在男子展示肉块之前还是之后？,temporal_order,0,0,0,1,0,0,1,intermediate,short_answer,0,high,20帧全时段接触表可支持该具体题意。,not_reviewed_64frame,0
audit-0016,3,男子操作时肉块相对其身体位于哪一侧？,static_relation,0,0,0,0,0,0,1,low,short_answer,0,high,20帧全时段接触表可支持该具体题意。,not_reviewed_64frame,0
audit-0017,1,镜头先展示设备控制盒还是汽车发动机舱？,temporal_order,0,0,0,1,0,0,1,intermediate,short_answer,0,high,20帧全时段接触表可支持该具体题意。,not_reviewed_64frame,0
audit-0017,2,男子的手主要指向发动机舱的哪个区域？,orientation_facing,0,0,0,1,0,0,1,intermediate,short_answer,0,high,20帧全时段接触表可支持该具体题意。,not_reviewed_64frame,0
audit-0017,3,发动机盖在整个片段中保持打开吗？,deformation_state,0,0,0,1,0,1,1,intermediate,short_answer,0,high,20帧全时段接触表可支持该具体题意。,not_reviewed_64frame,0
audit-0018,1,女子入口食物后面部表情如何变化？,action_event,0,0,0,1,0,0,1,intermediate,short_answer,0,high,20帧全时段接触表可支持该具体题意。,not_reviewed_64frame,0
audit-0018,2,她先再次取食还是先表现出明显反应？,temporal_order,0,0,0,1,0,0,1,intermediate,short_answer,0,high,20帧全时段接触表可支持该具体题意。,not_reviewed_64frame,0
audit-0018,3,餐盘中的食物在画面末尾是否减少？,deformation_state,0,0,0,1,0,1,1,intermediate,short_answer,0,medium,20帧可见相关实体，但连续轨迹或动作结果需完整视频确认。,confirmed,0
audit-0019,1,人群靠近鳐鱼时鳐鱼是否改变游动方向？,dynamic_relation,0,0,0,1,0,0,1,intermediate,short_answer,1,medium,20帧可见相关实体，但连续轨迹或动作结果需完整视频确认。,still_uncertain,0
audit-0019,2,鳐鱼相对岸边的位置如何变化？,dynamic_relation,0,0,0,1,0,0,1,intermediate,short_answer,0,medium,20帧可见相关实体，但连续轨迹或动作结果需完整视频确认。,confirmed,0
audit-0019,3,男子后退发生在鳐鱼靠近之前还是之后？,temporal_order,0,0,0,1,0,0,1,intermediate,short_answer,1,medium,20帧可见相关实体，但连续轨迹或动作结果需完整视频确认。,still_uncertain,0
audit-0020,1,飞机相对地面的高度先升高还是降低？,dynamic_relation,0,0,0,1,0,0,0,intermediate,short_answer,0,medium,20帧可见相关实体，但连续轨迹或动作结果需完整视频确认。,confirmed,0
audit-0020,2,烟柱出现发生在飞机掠过之前还是之后？,temporal_order,0,0,0,1,0,0,0,intermediate,short_answer,0,high,20帧全时段接触表可支持该具体题意。,not_reviewed_64frame,0
audit-0020,3,飞机最终朝画面的哪一侧飞离？,orientation_facing,0,0,0,1,0,0,0,intermediate,short_answer,0,high,20帧全时段接触表可支持该具体题意。,not_reviewed_64frame,0
audit-0021,1,行驶车辆在出口分岔处选择了哪条车道？,action_event,0,0,0,1,0,0,0,intermediate,short_answer,0,medium,20帧可见相关实体，但连续轨迹或动作结果需完整视频确认。,confirmed,0
audit-0021,2,出口匝道相对主路位于驾驶者哪一侧？,reference_frame,0,1,0,1,0,0,0,high,short_answer,0,high,20帧全时段接触表可支持该具体题意。,not_reviewed_64frame,0
audit-0021,3,道路标志先出现还是车道开始分离先出现？,temporal_order,0,0,0,1,0,0,0,intermediate,short_answer,0,high,20帧全时段接触表可支持该具体题意。,not_reviewed_64frame,0
audit-0022,1,鱼竿弯曲程度在片段中如何变化？,deformation_state,0,0,0,1,0,1,1,intermediate,short_answer,0,medium,20帧可见相关实体，但连续轨迹或动作结果需完整视频确认。,confirmed,0
audit-0022,2,男子收线时鱼线指向船的哪一侧？,orientation_facing,0,0,0,1,0,0,1,intermediate,short_answer,0,high,20帧全时段接触表可支持该具体题意。,not_reviewed_64frame,0
audit-0022,3,男子是否一直保持面向水面？,orientation_facing,0,0,0,1,0,0,1,intermediate,short_answer,0,high,20帧全时段接触表可支持该具体题意。,not_reviewed_64frame,0
audit-0023,1,鱼进入抄网发生在收线之前还是之后？,temporal_order,0,0,0,1,0,0,1,intermediate,short_answer,0,high,20帧全时段接触表可支持该具体题意。,not_reviewed_64frame,0
audit-0023,2,鱼相对码头边缘的位置如何变化？,dynamic_relation,0,0,0,1,0,0,1,intermediate,short_answer,0,medium,20帧可见相关实体，但连续轨迹或动作结果需完整视频确认。,confirmed,0
audit-0023,3,第二个人的抄网最终位于鱼的下方吗？,static_relation,0,0,0,0,0,0,1,low,short_answer,0,high,20帧全时段接触表可支持该具体题意。,not_reviewed_64frame,0
audit-0024,1,男子抛动橙色绳索后绳圈落在身体哪一侧？,dynamic_relation,0,0,0,1,0,0,1,intermediate,short_answer,0,medium,20帧可见相关实体，但连续轨迹或动作结果需完整视频确认。,confirmed,0
audit-0024,2,他先展示绳端还是先把绳索抛向地面？,temporal_order,0,0,0,1,0,0,1,intermediate,short_answer,0,high,20帧全时段接触表可支持该具体题意。,not_reviewed_64frame,0
audit-0024,3,绳索在操作后是否形成明显线圈？,deformation_state,0,0,0,1,0,1,1,intermediate,short_answer,0,high,20帧全时段接触表可支持该具体题意。,not_reviewed_64frame,0
audit-0025,1,车辆下坡进入停车区后是否改变行驶方向？,dynamic_relation,0,0,0,1,0,0,1,intermediate,short_answer,0,medium,20帧可见相关实体，但连续轨迹或动作结果需完整视频确认。,confirmed,0
audit-0025,2,从驾驶者视角看出口位于哪一侧？,reference_frame,0,1,0,1,0,0,1,high,short_answer,0,medium,20帧可见相关实体，但连续轨迹或动作结果需完整视频确认。,confirmed,0
audit-0025,3,车辆先接近低墙还是先转向返回坡道？,temporal_order,0,0,0,1,0,0,1,intermediate,short_answer,0,medium,20帧可见相关实体，但连续轨迹或动作结果需完整视频确认。,confirmed,0
audit-0026,1,游泳者朝相机靠近时距离如何变化？,dynamic_relation,0,0,0,1,0,0,1,intermediate,short_answer,0,high,20帧全时段接触表可支持该具体题意。,not_reviewed_64frame,0
audit-0026,2,游泳者主要面向相机还是背向相机？,orientation_facing,0,0,0,1,0,0,1,intermediate,short_answer,0,high,20帧全时段接触表可支持该具体题意。,not_reviewed_64frame,0
audit-0026,3,伸手动作发生在游到近处之前还是之后？,temporal_order,0,0,0,1,0,0,1,intermediate,short_answer,0,high,20帧全时段接触表可支持该具体题意。,not_reviewed_64frame,0
audit-0027,1,镜头先展示墙上镜子还是桌面灯具？,temporal_order,0,0,0,1,0,0,1,intermediate,short_answer,0,high,20帧全时段接触表可支持该具体题意。,not_reviewed_64frame,0
audit-0027,2,点亮的圆柱灯位于白色花瓶哪一侧？,static_relation,0,0,0,0,0,0,1,low,short_answer,0,high,20帧全时段接触表可支持该具体题意。,not_reviewed_64frame,0
audit-0027,3,手指接近灯口时灯的状态是否改变？,deformation_state,0,0,0,1,0,1,1,intermediate,short_answer,0,medium,20帧可见相关实体，但连续轨迹或动作结果需完整视频确认。,confirmed,0
audit-0028,1,男子从远处走近后主要朝哪个方向手势示意？,orientation_facing,0,0,0,1,0,0,1,intermediate,short_answer,0,high,20帧全时段接触表可支持该具体题意。,not_reviewed_64frame,0
audit-0028,2,他与相机之间的距离如何变化？,dynamic_relation,0,0,0,1,0,0,1,intermediate,short_answer,0,high,20帧全时段接触表可支持该具体题意。,not_reviewed_64frame,0
audit-0028,3,他先停止行走还是先举起双手？,temporal_order,0,0,0,1,0,0,1,intermediate,short_answer,0,high,20帧全时段接触表可支持该具体题意。,not_reviewed_64frame,0
audit-0029,1,道路相对两侧牧场的位置是否保持居中？,reference_frame,0,1,0,1,0,0,0,high,short_answer,0,medium,20帧可见相关实体，但连续轨迹或动作结果需完整视频确认。,confirmed,0
audit-0029,2,镜头是在经过牛群之前还是之后进入较直的路段？,temporal_order,0,0,0,1,0,0,0,intermediate,short_answer,0,high,20帧可见相关实体，但连续轨迹或动作结果需完整视频确认。,revised,0
audit-0029,3,牛群主要位于道路的哪一侧？,static_relation,0,0,0,0,0,0,0,low,short_answer,0,high,20帧全时段接触表可支持该具体题意。,not_reviewed_64frame,0
audit-0030,1,狗先远离相机还是先返回相机附近？,temporal_order,0,0,0,1,0,0,0,intermediate,short_answer,0,high,20帧全时段接触表可支持该具体题意。,not_reviewed_64frame,0
audit-0030,2,狗与右侧栏杆的距离如何变化？,dynamic_relation,0,0,0,1,0,0,0,intermediate,short_answer,0,medium,20帧可见相关实体，但连续轨迹或动作结果需完整视频确认。,confirmed,0
audit-0030,3,狗跑远时是否短暂离开清晰可见范围？,occlusion_permanence,0,0,0,1,1,0,0,intermediate,short_answer,0,high,20帧全时段接触表可支持该具体题意。,not_reviewed_64frame,0
audit-0031,1,水翼板手在水面上是否保持离水滑行？,action_event,0,0,0,1,0,0,1,intermediate,short_answer,0,medium,20帧可见相关实体，但连续轨迹或动作结果需完整视频确认。,confirmed,0
audit-0031,2,人与岸线之间的距离如何变化？,dynamic_relation,0,0,0,1,0,0,1,intermediate,short_answer,0,medium,20帧可见相关实体，但连续轨迹或动作结果需完整视频确认。,confirmed,0
audit-0031,3,水翼板相对水面的高度是否稳定？,static_relation,0,0,0,0,0,0,1,low,short_answer,0,medium,20帧可见相关实体，但连续轨迹或动作结果需完整视频确认。,confirmed,0
audit-0032,1,足球传入禁区后由哪一方球员首先触球？,action_event,0,0,0,1,0,0,1,intermediate,short_answer,1,medium,20帧可见相关实体，但连续轨迹或动作结果需完整视频确认。,still_uncertain,0
audit-0032,2,球从边路到门前的轨迹如何变化？,dynamic_relation,0,0,0,1,0,0,1,intermediate,short_answer,0,medium,20帧可见相关实体，但连续轨迹或动作结果需完整视频确认。,confirmed,0
audit-0032,3,射门发生在防守队员倒地之前还是之后？,temporal_order,0,0,0,1,0,0,1,intermediate,short_answer,1,medium,20帧可见相关实体，但连续轨迹或动作结果需完整视频确认。,still_uncertain,0
audit-0033,1,镜头扫过房间时三脚架位于沙发前还是后？,static_relation,0,0,0,0,0,0,0,low,short_answer,0,high,20帧全时段接触表可支持该具体题意。,not_reviewed_64frame,0
audit-0033,2,白色吸音板与黑色音箱如何交替分布？,static_relation,0,0,0,0,0,0,0,low,short_answer,0,high,20帧全时段接触表可支持该具体题意。,not_reviewed_64frame,0
audit-0033,3,镜头先展示窗边吸音板还是中央三脚架？,temporal_order,0,0,0,1,0,0,0,intermediate,short_answer,0,high,20帧全时段接触表可支持该具体题意。,not_reviewed_64frame,0
audit-0034,1,两名男子先讨论发动机舱还是先展示驾驶室？,temporal_order,0,0,0,1,0,0,1,intermediate,short_answer,0,high,20帧全时段接触表可支持该具体题意。,not_reviewed_64frame,0
audit-0034,2,绿色上衣男子主要朝向同伴还是汽车？,orientation_facing,0,0,0,1,0,0,1,intermediate,short_answer,0,high,20帧全时段接触表可支持该具体题意。,not_reviewed_64frame,0
audit-0034,3,方向盘位于驾驶室画面的哪一侧？,static_relation,0,0,0,0,0,0,1,low,short_answer,0,high,20帧全时段接触表可支持该具体题意。,not_reviewed_64frame,0
audit-0035,1,球进入门前混战后最终是否越过球门线？,action_event,0,0,0,1,0,0,1,intermediate,short_answer,1,medium,20帧可见相关实体，但连续轨迹或动作结果需完整视频确认。,still_uncertain,0
audit-0035,2,球在禁区内的运动方向如何变化？,dynamic_relation,0,0,0,1,0,0,1,intermediate,short_answer,1,medium,20帧可见相关实体，但连续轨迹或动作结果需完整视频确认。,still_uncertain,0
audit-0035,3,多人倒地发生在最后一次射门之前还是之后？,temporal_order,0,0,0,1,0,0,1,intermediate,short_answer,1,medium,20帧可见相关实体，但连续轨迹或动作结果需完整视频确认。,still_uncertain,0
audit-0036,1,钩针操作后蓝色橡皮筋结构如何变化？,deformation_state,0,0,0,1,0,1,1,intermediate,short_answer,0,medium,20帧可见相关实体，但连续轨迹或动作结果需完整视频确认。,confirmed,0
audit-0036,2,手先拉起哪一层橡皮筋？,temporal_order,0,0,0,1,0,0,1,intermediate,short_answer,1,medium,20帧可见相关实体，但连续轨迹或动作结果需完整视频确认。,still_uncertain,0
audit-0036,3,黄色工具相对编织板位于哪一侧？,static_relation,0,0,0,0,0,0,1,low,short_answer,0,high,20帧全时段接触表可支持该具体题意。,not_reviewed_64frame,0
audit-0037,1,白队球员突破后射门是否得分？,action_event,0,0,0,1,0,0,1,intermediate,short_answer,0,high,20帧全时段接触表可支持该具体题意。,not_reviewed_64frame,0
audit-0037,2,守门员向哪一侧扑救？,orientation_facing,0,0,0,1,0,0,1,intermediate,short_answer,0,high,20帧全时段接触表可支持该具体题意。,not_reviewed_64frame,0
audit-0037,3,射门发生在白队球员越过最后一名防守者之前还是之后？,temporal_order,0,0,0,1,0,0,1,intermediate,short_answer,1,medium,20帧可见相关实体，但连续轨迹或动作结果需完整视频确认。,still_uncertain,0
audit-0038,1,摄影者出现是在镜头扫过薰衣草田之前还是之后？,temporal_order,0,0,0,1,0,0,1,intermediate,short_answer,0,high,20帧全时段接触表可支持该具体题意。,not_reviewed_64frame,0
audit-0038,2,薰衣草行列相对远山朝哪个方向延伸？,static_relation,0,0,0,0,0,0,1,low,short_answer,0,high,20帧全时段接触表可支持该具体题意。,not_reviewed_64frame,0
audit-0038,3,镜头转动时远山在画面中的相对位置如何变化？,reference_frame,0,1,0,1,0,0,1,high,short_answer,0,medium,20帧可见相关实体，但连续轨迹或动作结果需完整视频确认。,confirmed,0
audit-0039,1,女子是否完整穿过狭窄石门？,action_event,0,0,0,1,0,0,1,intermediate,short_answer,0,high,20帧全时段接触表可支持该具体题意。,not_reviewed_64frame,0
audit-0039,2,她穿门时身体朝向与门洞方向是否一致？,orientation_facing,0,0,0,1,0,0,1,intermediate,short_answer,0,high,20帧全时段接触表可支持该具体题意。,not_reviewed_64frame,0
audit-0039,3,她进入门洞前后与相机的距离如何变化？,dynamic_relation,0,0,0,1,0,0,1,intermediate,short_answer,0,high,20帧全时段接触表可支持该具体题意。,not_reviewed_64frame,0
audit-0040,1,男子在船内先展示座椅还是先展示中央台面？,temporal_order,0,0,0,1,0,0,1,intermediate,short_answer,0,high,20帧全时段接触表可支持该具体题意。,not_reviewed_64frame,0
audit-0040,2,长形座垫位于中央台面的哪一侧？,static_relation,0,0,0,0,0,0,1,low,short_answer,0,high,20帧全时段接触表可支持该具体题意。,not_reviewed_64frame,0
audit-0040,3,男子移动盖板后船内空间状态是否改变？,deformation_state,0,0,0,1,0,1,1,intermediate,short_answer,0,medium,20帧可见相关实体，但连续轨迹或动作结果需完整视频确认。,confirmed,0
audit-0041,1,冲浪者靠近岩石后是否与冲浪板分离？,action_event,1,0,0,1,0,0,1,high,short_answer,0,high,20帧可见相关实体，但连续轨迹或动作结果需完整视频确认。,revised,0
audit-0041,2,冲浪者与岩石之间的距离如何变化？,dynamic_relation,0,0,0,1,0,0,1,intermediate,short_answer,0,high,20帧全时段接触表可支持该具体题意。,not_reviewed_64frame,0
audit-0041,3,板与人分离发生在浪花遮挡之前还是之后？,temporal_order,0,0,0,1,0,0,1,intermediate,short_answer,0,medium,20帧可见相关实体，但连续轨迹或动作结果需完整视频确认。,confirmed,0
audit-0042,1,镜头先展示港口小船还是大型起重桥？,temporal_order,0,0,0,1,0,0,0,intermediate,short_answer,0,high,20帧全时段接触表可支持该具体题意。,not_reviewed_64frame,0
audit-0042,2,小船相对红色灯塔的位置如何分布？,static_relation,0,0,0,0,0,0,0,low,short_answer,0,high,20帧全时段接触表可支持该具体题意。,not_reviewed_64frame,0
audit-0042,3,场景切换后起重桥位于相机上方还是前方？,reference_frame,0,1,0,1,0,0,0,high,short_answer,0,high,20帧全时段接触表可支持该具体题意。,not_reviewed_64frame,0
audit-0043,1,鱼竿明显弯曲后鱼是否出现在岸边？,action_event,0,0,0,1,0,0,0,intermediate,short_answer,0,high,20帧全时段接触表可支持该具体题意。,not_reviewed_64frame,0
audit-0043,2,鱼从水中到岸边的出现顺序是什么？,temporal_order,0,0,0,1,0,0,0,intermediate,short_answer,0,high,20帧全时段接触表可支持该具体题意。,not_reviewed_64frame,0
audit-0043,3,鱼竿弯曲方向相对海面如何变化？,deformation_state,0,0,0,1,0,1,0,intermediate,short_answer,0,medium,20帧可见相关实体，但连续轨迹或动作结果需完整视频确认。,confirmed,0
audit-0044,1,飞机起飞时机场地面与机翼的相对距离如何变化？,dynamic_relation,0,0,0,1,0,0,0,intermediate,short_answer,0,high,20帧全时段接触表可支持该具体题意。,not_reviewed_64frame,0
audit-0044,2,航站楼先位于机翼前方还是随后移到后方？,reference_frame,0,1,0,1,0,0,0,high,short_answer,0,medium,20帧可见相关实体，但连续轨迹或动作结果需完整视频确认。,confirmed,0
audit-0044,3,飞机离地发生在经过停机坪之前还是之后？,temporal_order,0,0,0,1,0,0,0,intermediate,short_answer,0,medium,20帧可见相关实体，但连续轨迹或动作结果需完整视频确认。,rejected,1
audit-0045,1,男子打开旧车车门是在走近车辆之前还是之后？,temporal_order,0,0,0,1,0,0,1,intermediate,short_answer,0,high,20帧全时段接触表可支持该具体题意。,not_reviewed_64frame,0
audit-0045,2,车门打开后车内空间是否变得可见？,occlusion_permanence,0,0,0,1,1,0,1,intermediate,short_answer,0,high,20帧全时段接触表可支持该具体题意。,not_reviewed_64frame,0
audit-0045,3,两人主要查看车辆的侧面还是尾部？,orientation_facing,0,0,0,1,0,0,1,intermediate,short_answer,0,high,20帧全时段接触表可支持该具体题意。,not_reviewed_64frame,0
audit-0046,1,天空中的彩色物体相互距离如何变化？,dynamic_relation,0,0,0,1,0,0,0,intermediate,short_answer,1,medium,20帧可见相关实体，但连续轨迹或动作结果需完整视频确认。,still_uncertain,0
audit-0046,2,黑色物体与粉色物体哪一个先明显出现？,temporal_order,0,0,0,1,0,0,0,intermediate,short_answer,1,medium,20帧可见相关实体，但连续轨迹或动作结果需完整视频确认。,still_uncertain,0
audit-0046,3,彩色物体主要位于树线的上方还是下方？,static_relation,0,0,0,0,0,0,0,low,short_answer,0,high,20帧全时段接触表可支持该具体题意。,not_reviewed_64frame,0
audit-0047,1,车床加工后木杆表面形状如何变化？,deformation_state,0,0,0,1,0,1,1,intermediate,short_answer,0,high,20帧全时段接触表可支持该具体题意。,not_reviewed_64frame,0
audit-0047,2,男子先启动车床还是先用工具接触木杆？,temporal_order,0,0,0,1,0,0,1,intermediate,short_answer,0,medium,20帧可见相关实体，但连续轨迹或动作结果需完整视频确认。,confirmed,0
audit-0047,3,成品木杆与对照木杆长度是否相近？,entity_attribute,0,0,0,0,0,0,1,low,short_answer,0,high,20帧全时段接触表可支持该具体题意。,not_reviewed_64frame,0
audit-0048,1,输电塔相对城市建筑位于前景还是远景？,static_relation,0,0,0,0,0,0,0,low,short_answer,0,high,20帧全时段接触表可支持该具体题意。,not_reviewed_64frame,0
audit-0048,2,镜头移动时输电塔在画面中向哪侧移动？,reference_frame,0,1,0,1,0,0,0,high,short_answer,0,medium,20帧可见相关实体，但连续轨迹或动作结果需完整视频确认。,confirmed,0
audit-0048,3,云层与输电线是否发生遮挡重叠？,occlusion_permanence,0,0,0,1,1,0,0,intermediate,short_answer,0,medium,20帧可见相关实体，但连续轨迹或动作结果需完整视频确认。,confirmed,0
audit-0049,1,男子操作后折叠自行车的轮部状态是否改变？,deformation_state,0,0,0,1,0,1,1,intermediate,short_answer,0,medium,20帧可见相关实体，但连续轨迹或动作结果需完整视频确认。,confirmed,0
audit-0049,2,他先触碰车架还是先转动后轮部件？,temporal_order,0,0,0,1,0,0,1,intermediate,short_answer,0,high,20帧全时段接触表可支持该具体题意。,not_reviewed_64frame,0
audit-0049,3,折叠机构位于后轮的哪一侧？,static_relation,0,0,0,0,0,0,1,low,short_answer,0,high,20帧全时段接触表可支持该具体题意。,not_reviewed_64frame,0
audit-0050,1,电动自行车的电池位于车架什么位置？,static_relation,0,0,0,0,0,0,1,low,short_answer,0,high,20帧全时段接触表可支持该具体题意。,not_reviewed_64frame,0
audit-0050,2,后货架与后轮在垂直方向上是什么关系？,static_relation,0,0,0,0,0,0,1,low,short_answer,0,high,20帧全时段接触表可支持该具体题意。,not_reviewed_64frame,0
audit-0050,3,镜头环绕后摩托车的左右朝向如何变化？,reference_frame,0,1,0,1,0,0,1,high,short_answer,0,high,20帧可见相关实体，但连续轨迹或动作结果需完整视频确认。,revised,0
audit-0051,1,男子抱着多双鞋从地面起身后走向哪里？,action_goal,1,0,0,1,0,0,1,high,short_answer,0,medium,20帧可见相关实体，但连续轨迹或动作结果需完整视频确认。,confirmed,0
audit-0051,2,他先整理鞋带还是先站起来？,temporal_order,0,0,0,1,0,0,1,intermediate,short_answer,0,high,20帧全时段接触表可支持该具体题意。,not_reviewed_64frame,0
audit-0051,3,鞋子在其双臂中的相对位置是否保持稳定？,dynamic_relation,0,0,0,1,0,0,1,intermediate,short_answer,0,medium,20帧可见相关实体，但连续轨迹或动作结果需完整视频确认。,confirmed,0
audit-0052,1,驾驶员转动方向盘后车辆行进方向如何变化？,dynamic_relation,0,0,0,1,0,0,1,intermediate,short_answer,1,medium,20帧可见相关实体，但连续轨迹或动作结果需完整视频确认。,still_uncertain,0
audit-0052,2,从后座视角看驾驶员位于车辆哪一侧？,reference_frame,0,1,0,1,0,0,1,high,short_answer,0,high,20帧全时段接触表可支持该具体题意。,not_reviewed_64frame,0
audit-0052,3,乘客触碰驾驶员肩部发生在转向之前还是之后？,temporal_order,0,0,0,1,0,0,1,intermediate,short_answer,1,medium,20帧可见相关实体，但连续轨迹或动作结果需完整视频确认。,still_uncertain,0
audit-0053,1,镜头先展示空海滩还是先展示男子面部？,temporal_order,0,0,0,1,0,0,1,intermediate,short_answer,0,high,20帧全时段接触表可支持该具体题意。,not_reviewed_64frame,0
audit-0053,2,男子出现时海面位于其哪一侧？,static_relation,0,0,0,0,0,0,1,low,short_answer,0,high,20帧全时段接触表可支持该具体题意。,not_reviewed_64frame,0
audit-0053,3,相机转向自拍时地平线在画面中如何移动？,reference_frame,0,1,0,1,0,0,1,high,short_answer,0,medium,20帧可见相关实体，但连续轨迹或动作结果需完整视频确认。,confirmed,0
audit-0054,1,男子从室内取下鸟后将其带到哪里？,action_goal,1,0,0,1,0,0,1,high,short_answer,0,medium,20帧可见相关实体，但连续轨迹或动作结果需完整视频确认。,confirmed,0
audit-0054,2,鸟从悬挂状态变为桌面状态的顺序是什么？,deformation_state,0,0,0,1,0,1,1,intermediate,short_answer,0,high,20帧全时段接触表可支持该具体题意。,not_reviewed_64frame,0
audit-0054,3,室外有几人共同处理鸟？,entity_attribute,0,0,0,0,0,0,1,low,short_answer,0,high,20帧全时段接触表可支持该具体题意。,not_reviewed_64frame,0
audit-0055,1,白色汽车绕场地行驶时方向如何持续变化？,dynamic_relation,0,0,0,1,0,0,0,intermediate,short_answer,0,high,20帧全时段接触表可支持该具体题意。,not_reviewed_64frame,0
audit-0055,2,汽车最接近相机发生在转弯之前还是之后？,temporal_order,0,0,0,1,0,0,0,intermediate,short_answer,0,medium,20帧可见相关实体，但连续轨迹或动作结果需完整视频确认。,confirmed,0
audit-0055,3,汽车绕行时车头朝向如何改变？,orientation_facing,0,0,0,1,0,0,0,intermediate,short_answer,0,high,20帧全时段接触表可支持该具体题意。,not_reviewed_64frame,0
audit-0056,1,俯视视角下汽车沿弯道朝哪个方向行驶？,reference_frame,0,1,0,1,0,0,0,high,short_answer,0,medium,20帧可见相关实体，但连续轨迹或动作结果需完整视频确认。,confirmed,0
audit-0056,2,汽车与溪流之间的距离如何随弯道变化？,dynamic_relation,0,0,0,1,0,0,0,intermediate,short_answer,0,medium,20帧可见相关实体，但连续轨迹或动作结果需完整视频确认。,confirmed,0
audit-0056,3,车辆先通过急弯还是先进入较直路段？,temporal_order,0,0,0,1,0,0,0,intermediate,short_answer,0,high,20帧全时段接触表可支持该具体题意。,not_reviewed_64frame,0
audit-0057,1,红色越野车相对两侧车辆处于什么位置？,static_relation,0,0,0,0,0,0,1,low,short_answer,0,high,20帧全时段接触表可支持该具体题意。,not_reviewed_64frame,0
audit-0057,2,讲解者的手主要指向备胎还是车身？,orientation_facing,0,0,0,1,0,0,1,intermediate,short_answer,0,high,20帧全时段接触表可支持该具体题意。,not_reviewed_64frame,0
audit-0057,3,镜头先展示车辆左后侧还是正后方？,temporal_order,0,0,0,1,0,0,1,intermediate,short_answer,0,high,20帧全时段接触表可支持该具体题意。,not_reviewed_64frame,0
audit-0058,1,遥控飞行器是从车辆附近起飞的吗？,action_event,0,0,0,1,0,0,0,intermediate,short_answer,1,medium,20帧可见相关实体，但连续轨迹或动作结果需完整视频确认。,still_uncertain,0
audit-0058,2,飞行器相对树线的高度如何变化？,dynamic_relation,0,0,0,1,0,0,0,intermediate,short_answer,0,medium,20帧可见相关实体，但连续轨迹或动作结果需完整视频确认。,confirmed,0
audit-0058,3,飞行器最终朝场地哪一侧飞离？,orientation_facing,0,0,0,1,0,0,0,intermediate,short_answer,0,medium,20帧可见相关实体，但连续轨迹或动作结果需完整视频确认。,confirmed,0
audit-0059,1,冲浪者在整段中是否保持站立？,action_event,0,0,0,1,0,0,1,intermediate,short_answer,0,high,20帧全时段接触表可支持该具体题意。,not_reviewed_64frame,0
audit-0059,2,冲浪者沿浪峰方向进行了几次明显转向？,dynamic_relation,0,0,0,1,0,0,1,intermediate,short_answer,1,medium,20帧可见相关实体，但连续轨迹或动作结果需完整视频确认。,still_uncertain,0
audit-0059,3,冲浪者消失在浪后发生在最后一次转向之前还是之后？,temporal_order,0,0,0,1,0,0,1,intermediate,short_answer,0,high,20帧全时段接触表可支持该具体题意。,not_reviewed_64frame,0
audit-0060,1,黑色汽车朝人群靠近时距离如何变化？,dynamic_relation,0,0,0,1,0,0,1,intermediate,short_answer,0,high,20帧全时段接触表可支持该具体题意。,not_reviewed_64frame,0
audit-0060,2,人群是否在车辆靠近时让出行驶空间？,action_goal,1,0,0,1,0,0,1,high,short_answer,0,medium,20帧可见相关实体，但连续轨迹或动作结果需完整视频确认。,confirmed,0
audit-0060,3,车辆到达人群前是否改变车头朝向？,orientation_facing,0,0,0,1,0,0,1,intermediate,short_answer,0,medium,20帧可见相关实体，但连续轨迹或动作结果需完整视频确认。,confirmed,0
audit-0061,1,骑象者沿道路行进时主要面向哪个方向？,orientation_facing,0,0,0,1,0,0,1,intermediate,short_answer,0,high,20帧全时段接触表可支持该具体题意。,not_reviewed_64frame,0
audit-0061,2,大象与随行步行者的前后关系如何变化？,dynamic_relation,0,0,0,1,0,0,1,intermediate,short_answer,0,medium,20帧可见相关实体，但连续轨迹或动作结果需完整视频确认。,confirmed,0
audit-0061,3,大象先经过住宅还是先到达停放车辆附近？,temporal_order,0,0,0,1,0,0,1,intermediate,short_answer,0,high,20帧全时段接触表可支持该具体题意。,not_reviewed_64frame,0
audit-0062,1,镜头先扫过海边果岭还是先出现自拍者？,temporal_order,0,0,0,1,0,0,1,intermediate,short_answer,0,high,20帧全时段接触表可支持该具体题意。,not_reviewed_64frame,0
audit-0062,2,孤立树木相对海岸位于哪一侧？,static_relation,0,0,0,0,0,0,1,low,short_answer,0,high,20帧全时段接触表可支持该具体题意。,not_reviewed_64frame,0
audit-0062,3,相机转向自拍时果岭在画面中如何移出？,reference_frame,0,1,0,1,0,0,1,high,short_answer,0,medium,20帧可见相关实体，但连续轨迹或动作结果需完整视频确认。,confirmed,0
audit-0063,1,敞篷车顶在行驶过程中如何改变状态？,deformation_state,0,0,0,1,0,1,1,intermediate,short_answer,0,high,20帧全时段接触表可支持该具体题意。,not_reviewed_64frame,0
audit-0063,2,车顶开始移动发生在车辆进入弯道之前还是之后？,temporal_order,0,0,0,1,0,0,1,intermediate,short_answer,0,medium,20帧可见相关实体，但连续轨迹或动作结果需完整视频确认。,confirmed,0
audit-0063,3,车顶收起后驾驶者是否持续可见？,occlusion_permanence,0,0,0,1,1,0,1,intermediate,short_answer,0,high,20帧全时段接触表可支持该具体题意。,not_reviewed_64frame,0
audit-0064,1,钳子夹持的金属件最终是否被取下？,action_event,0,0,0,1,0,0,1,intermediate,short_answer,0,medium,20帧可见相关实体，但连续轨迹或动作结果需完整视频确认。,confirmed,0
audit-0064,2,金属件相对墙洞的位置如何变化？,dynamic_relation,0,0,0,1,0,0,1,intermediate,short_answer,0,medium,20帧可见相关实体，但连续轨迹或动作结果需完整视频确认。,confirmed,0
audit-0064,3,手拿起小零件发生在松开钳子之前还是之后？,temporal_order,0,0,0,1,0,0,1,intermediate,short_answer,0,high,20帧全时段接触表可支持该具体题意。,not_reviewed_64frame,0
audit-0065,1,步行镜头中行人流主要朝向相机还是远离相机？,orientation_facing,0,0,0,1,0,0,1,intermediate,short_answer,0,medium,20帧可见相关实体，但连续轨迹或动作结果需完整视频确认。,confirmed,0
audit-0065,2,镜头前进时两侧店铺的相对位置如何变化？,reference_frame,0,1,0,1,0,0,1,high,short_answer,0,medium,20帧可见相关实体，但连续轨迹或动作结果需完整视频确认。,confirmed,0
audit-0065,3,绿色招牌先出现还是大型红色招牌先出现？,temporal_order,0,0,0,1,0,0,1,intermediate,short_answer,0,high,20帧全时段接触表可支持该具体题意。,not_reviewed_64frame,0
audit-0066,1,广场人群是否逐渐聚集成一支队伍？,dynamic_relation,0,0,0,1,0,0,1,intermediate,short_answer,0,medium,20帧可见相关实体，但连续轨迹或动作结果需完整视频确认。,confirmed,0
audit-0066,2,华盛顿纪念碑相对人群位于哪个方向？,static_relation,0,0,0,0,0,0,1,low,short_answer,0,high,20帧全时段接触表可支持该具体题意。,not_reviewed_64frame,0
audit-0066,3,镜头先展示纪念碑还是先转向台阶旁队伍？,temporal_order,0,0,0,1,0,0,1,intermediate,short_answer,0,high,20帧全时段接触表可支持该具体题意。,not_reviewed_64frame,0
audit-0067,1,摩托车在路口选择了哪个行进方向？,action_event,0,0,0,1,0,0,1,intermediate,short_answer,0,high,20帧全时段接触表可支持该具体题意。,not_reviewed_64frame,0
audit-0067,2,从骑手视角看转弯目标道路位于哪一侧？,reference_frame,0,1,0,1,0,0,1,high,short_answer,0,high,20帧全时段接触表可支持该具体题意。,not_reviewed_64frame,0
audit-0067,3,转弯发生在经过红色房屋之前还是之后？,temporal_order,0,0,0,1,0,0,1,intermediate,short_answer,0,high,20帧全时段接触表可支持该具体题意。,not_reviewed_64frame,0
audit-0068,1,店员从柜台后取出的绿色甜点最终放在哪里？,action_event,0,0,0,1,0,0,1,intermediate,short_answer,0,high,20帧全时段接触表可支持该具体题意。,not_reviewed_64frame,0
audit-0068,2,甜点出现发生在顾客到达柜台之前还是之后？,temporal_order,0,0,0,1,0,0,1,intermediate,short_answer,0,high,20帧全时段接触表可支持该具体题意。,not_reviewed_64frame,0
audit-0068,3,绿色甜点相对玻璃柜台位于哪一侧？,static_relation,0,0,0,0,0,0,1,low,short_answer,0,high,20帧全时段接触表可支持该具体题意。,not_reviewed_64frame,0
audit-0069,1,山谷在道路弯曲过程中位于车辆哪一侧？,reference_frame,0,1,0,1,0,0,0,high,short_answer,0,medium,20帧可见相关实体，但连续轨迹或动作结果需完整视频确认。,confirmed,0
audit-0069,2,镜头沿山路移动时近处护栏如何掠过画面？,dynamic_relation,0,0,0,1,0,0,0,intermediate,short_answer,0,medium,20帧可见相关实体，但连续轨迹或动作结果需完整视频确认。,confirmed,0
audit-0069,3,路牌先出现还是大片针叶树先出现？,temporal_order,0,0,0,1,0,0,0,intermediate,short_answer,0,high,20帧全时段接触表可支持该具体题意。,not_reviewed_64frame,0
audit-0070,1,火箭在发射架上是否逐渐抬升到倾斜位置？,deformation_state,0,0,0,1,0,1,0,intermediate,short_answer,0,high,20帧全时段接触表可支持该具体题意。,not_reviewed_64frame,0
audit-0070,2,火箭尖端相对地面的高度如何变化？,dynamic_relation,0,0,0,1,0,0,0,intermediate,short_answer,0,high,20帧全时段接触表可支持该具体题意。,not_reviewed_64frame,0
audit-0070,3,火箭主体抬起发生在支撑结构可见之前还是之后？,temporal_order,0,0,0,1,0,0,0,intermediate,short_answer,0,medium,20帧可见相关实体，但连续轨迹或动作结果需完整视频确认。,confirmed,0
audit-0071,1,按下启动按钮后仪表盘显示如何变化？,deformation_state,0,0,0,1,0,1,1,intermediate,short_answer,0,high,20帧全时段接触表可支持该具体题意。,not_reviewed_64frame,0
audit-0071,2,中控屏与仪表盘哪一个先亮起？,temporal_order,0,0,0,1,0,0,1,intermediate,short_answer,0,high,20帧全时段接触表可支持该具体题意。,not_reviewed_64frame,0
audit-0071,3,方向盘相对中控屏位于驾驶者哪一侧？,reference_frame,0,1,0,1,0,0,1,high,short_answer,0,high,20帧全时段接触表可支持该具体题意。,not_reviewed_64frame,0
audit-0072,1,黄衣男子坐下滑行后是否翻滚？,action_event,0,0,0,1,0,0,1,intermediate,short_answer,0,high,20帧全时段接触表可支持该具体题意。,not_reviewed_64frame,0
audit-0072,2,他与后方骑行者的距离如何变化？,dynamic_relation,0,0,0,1,0,0,1,intermediate,short_answer,0,medium,20帧可见相关实体，但连续轨迹或动作结果需完整视频确认。,rejected,1
audit-0072,3,他开始滑落发生在下蹲之前还是之后？,temporal_order,0,0,0,1,0,0,1,intermediate,short_answer,0,high,20帧全时段接触表可支持该具体题意。,not_reviewed_64frame,0
audit-0073,1,冲浪者在小浪上是否完成多次转向？,action_event,0,0,0,1,0,0,1,intermediate,short_answer,0,medium,20帧可见相关实体，但连续轨迹或动作结果需完整视频确认。,confirmed,0
audit-0073,2,板头朝向在转弯过程中如何改变？,orientation_facing,0,0,0,1,0,0,1,intermediate,short_answer,0,medium,20帧可见相关实体，但连续轨迹或动作结果需完整视频确认。,confirmed,0
audit-0073,3,最后一次起跳发生在浪花增强之前还是之后？,temporal_order,0,0,0,1,0,0,1,intermediate,short_answer,0,medium,20帧可见相关实体，但连续轨迹或动作结果需完整视频确认。,rejected,1
audit-0074,1,蓝色汽车相对拍摄车辆的距离如何变化？,dynamic_relation,0,0,0,1,0,0,0,intermediate,short_answer,0,medium,20帧可见相关实体，但连续轨迹或动作结果需完整视频确认。,confirmed,0
audit-0074,2,进入弯道后蓝车车头朝向哪一侧？,orientation_facing,0,0,0,1,0,0,0,intermediate,short_answer,0,high,20帧全时段接触表可支持该具体题意。,not_reviewed_64frame,0
audit-0074,3,蓝车先远离还是先再次靠近拍摄车辆？,temporal_order,0,0,0,1,0,0,0,intermediate,short_answer,0,medium,20帧可见相关实体，但连续轨迹或动作结果需完整视频确认。,confirmed,0
audit-0075,1,灰色越野车的备胎位于车身什么位置？,static_relation,0,0,0,0,0,0,0,low,short_answer,0,high,20帧全时段接触表可支持该具体题意。,not_reviewed_64frame,0
audit-0075,2,镜头绕车移动时车身朝向如何变化？,reference_frame,0,1,0,1,0,0,0,high,short_answer,0,medium,20帧可见相关实体，但连续轨迹或动作结果需完整视频确认。,confirmed,0
audit-0075,3,车门数量在侧面镜头中可见为多少？,entity_attribute,0,0,0,0,0,0,0,low,short_answer,0,high,20帧全时段接触表可支持该具体题意。,not_reviewed_64frame,0
audit-0076,1,男子先展示绳端还是先演示船上固定点？,temporal_order,0,0,0,1,0,0,1,intermediate,short_answer,0,high,20帧全时段接触表可支持该具体题意。,not_reviewed_64frame,0
audit-0076,2,绳索穿过固定装置后形状如何变化？,deformation_state,0,0,0,1,0,1,1,intermediate,short_answer,0,medium,20帧可见相关实体，但连续轨迹或动作结果需完整视频确认。,confirmed,0
audit-0076,3,固定点相对男子位于哪一侧？,static_relation,0,0,0,0,0,0,1,low,short_answer,0,high,20帧全时段接触表可支持该具体题意。,not_reviewed_64frame,0
audit-0077,1,男子踩踏后车尾踏板是否展开？,deformation_state,0,0,0,1,0,1,1,intermediate,short_answer,0,high,20帧全时段接触表可支持该具体题意。,not_reviewed_64frame,0
audit-0077,2,踏板展开发生在他触碰后门之前还是之后？,temporal_order,0,0,0,1,0,0,1,intermediate,short_answer,0,high,20帧全时段接触表可支持该具体题意。,not_reviewed_64frame,0
audit-0077,3,展开后的踏板位于保险杠上方还是下方？,static_relation,0,0,0,0,0,0,1,low,short_answer,0,high,20帧全时段接触表可支持该具体题意。,not_reviewed_64frame,0
audit-0078,1,冲浪者在浪管内是否短暂被浪壁遮住？,occlusion_permanence,0,0,0,1,1,0,1,intermediate,short_answer,0,high,20帧全时段接触表可支持该具体题意。,not_reviewed_64frame,0
audit-0078,2,冲浪者从浪壁高处向下转向的轨迹如何变化？,dynamic_relation,0,0,0,1,0,0,1,intermediate,short_answer,0,medium,20帧可见相关实体，但连续轨迹或动作结果需完整视频确认。,confirmed,0
audit-0078,3,最后一次转向发生在浪管闭合之前还是之后？,temporal_order,0,0,0,1,0,0,1,intermediate,short_answer,1,medium,20帧可见相关实体，但连续轨迹或动作结果需完整视频确认。,still_uncertain,0
audit-0079,1,打结后两根绳端的相对位置如何变化？,deformation_state,0,0,0,1,0,1,1,intermediate,short_answer,0,medium,20帧可见相关实体，但连续轨迹或动作结果需完整视频确认。,confirmed,0
audit-0079,2,哪根绳端先穿过已形成的绳圈？,temporal_order,0,0,0,1,0,0,1,intermediate,short_answer,1,medium,20帧可见相关实体，但连续轨迹或动作结果需完整视频确认。,still_uncertain,0
audit-0079,3,最终结位于原有大环的上方还是下方？,static_relation,0,0,0,0,0,0,1,low,short_answer,0,high,20帧全时段接触表可支持该具体题意。,not_reviewed_64frame,0
audit-0080,1,女子收线时鱼竿弯曲程度如何变化？,deformation_state,0,0,0,1,0,1,1,intermediate,short_answer,0,medium,20帧可见相关实体，但连续轨迹或动作结果需完整视频确认。,confirmed,0
audit-0080,2,她是否始终面向水面操作？,orientation_facing,0,0,0,1,0,0,1,intermediate,short_answer,0,high,20帧全时段接触表可支持该具体题意。,not_reviewed_64frame,0
audit-0080,3,片段结束前鱼是否被拉出水面？,action_event,0,0,0,1,0,0,1,intermediate,short_answer,0,medium,20帧可见相关实体，但连续轨迹或动作结果需完整视频确认。,confirmed,0
audit-0081,1,机器操作后金属条从直线变成什么形状？,deformation_state,0,0,0,1,0,1,1,intermediate,short_answer,0,high,20帧全时段接触表可支持该具体题意。,not_reviewed_64frame,0
audit-0081,2,金属条先插入机器还是先被弯曲？,temporal_order,0,0,0,1,0,0,1,intermediate,short_answer,0,high,20帧全时段接触表可支持该具体题意。,not_reviewed_64frame,0
audit-0081,3,弯曲后的金属条是否仍完整连续？,entity_attribute,0,0,0,0,0,0,1,low,short_answer,0,high,20帧全时段接触表可支持该具体题意。,not_reviewed_64frame,0
audit-0082,1,车辆沿弯路行驶时驾驶员何时明显转动方向盘？,action_event,0,0,0,1,0,0,1,intermediate,short_answer,0,medium,20帧可见相关实体，但连续轨迹或动作结果需完整视频确认。,confirmed,0
audit-0082,2,前方道路弯向驾驶者哪一侧？,reference_frame,0,1,0,1,0,0,1,high,short_answer,0,high,20帧全时段接触表可支持该具体题意。,not_reviewed_64frame,0
audit-0082,3,镜头先展示道路还是先转向驾驶员面部？,temporal_order,0,0,0,1,0,0,1,intermediate,short_answer,0,high,20帧全时段接触表可支持该具体题意。,not_reviewed_64frame,0
audit-0083,1,赛马群中领先位置是否发生变化？,dynamic_relation,0,0,0,1,0,0,0,intermediate,short_answer,0,medium,20帧可见相关实体，但连续轨迹或动作结果需完整视频确认。,confirmed,0
audit-0083,2,马群通过终点区域前是否逐渐拉开距离？,dynamic_relation,0,0,0,1,0,0,0,intermediate,short_answer,0,medium,20帧可见相关实体，但连续轨迹或动作结果需完整视频确认。,confirmed,0
audit-0083,3,马群接近观众席发生在最后冲刺之前还是之后？,temporal_order,0,0,0,1,0,0,0,intermediate,short_answer,1,medium,20帧可见相关实体，但连续轨迹或动作结果需完整视频确认。,still_uncertain,0
audit-0084,1,小船相对大型驳船向哪一侧移动？,dynamic_relation,0,0,0,1,0,0,0,intermediate,short_answer,1,medium,20帧可见相关实体，但连续轨迹或动作结果需完整视频确认。,still_uncertain,0
audit-0084,2,驳船位于河岸建筑的前方还是后方？,static_relation,0,0,0,0,0,0,0,low,short_answer,0,high,20帧全时段接触表可支持该具体题意。,not_reviewed_64frame,0
audit-0084,3,小船先经过绿色驳船还是黑色驳船？,temporal_order,0,0,0,1,0,0,0,intermediate,short_answer,1,medium,20帧可见相关实体，但连续轨迹或动作结果需完整视频确认。,still_uncertain,0
audit-0085,1,摩托车起步后是否沿道路直行？,action_event,0,0,0,1,0,0,1,intermediate,short_answer,0,medium,20帧可见相关实体，但连续轨迹或动作结果需完整视频确认。,confirmed,0
audit-0085,2,从骑手视角看路缘最初位于哪一侧？,reference_frame,0,1,0,1,0,0,1,high,short_answer,0,high,20帧全时段接触表可支持该具体题意。,not_reviewed_64frame,0
audit-0085,3,车辆开始加速发生在调整车把之前还是之后？,temporal_order,0,0,0,1,0,0,1,intermediate,short_answer,1,medium,20帧可见相关实体，但连续轨迹或动作结果需完整视频确认。,still_uncertain,0
audit-0086,1,单板滑雪者在下坡中进行了几次明显换刃转向？,dynamic_relation,0,0,0,1,0,0,1,intermediate,short_answer,0,high,20帧可见相关实体，但连续轨迹或动作结果需完整视频确认。,revised,0
audit-0086,2,单板相对坡面的朝向如何交替变化？,orientation_facing,0,0,0,1,0,0,1,intermediate,short_answer,0,high,20帧可见相关实体，但连续轨迹或动作结果需完整视频确认。,revised,0
audit-0086,3,单板滑雪者的腾空动作发生在最后一次大幅转向之前还是之后？,temporal_order,0,0,0,1,0,0,1,intermediate,short_answer,0,high,20帧可见相关实体，但连续轨迹或动作结果需完整视频确认。,revised,0
audit-0087,1,镜头先展示花园石像还是先展示戴口罩男子？,temporal_order,0,0,0,1,0,0,1,intermediate,short_answer,0,high,20帧全时段接触表可支持该具体题意。,not_reviewed_64frame,0
audit-0087,2,两尊石像沿小路如何排列？,static_relation,0,0,0,0,0,0,1,low,short_answer,0,high,20帧全时段接触表可支持该具体题意。,not_reviewed_64frame,0
audit-0087,3,男子手指主要指向画面的哪个方向？,orientation_facing,0,0,0,1,0,0,1,intermediate,short_answer,0,high,20帧全时段接触表可支持该具体题意。,not_reviewed_64frame,0
audit-0088,1,海边住宅相对水面位于高处还是低处？,static_relation,0,0,0,0,0,0,0,low,short_answer,0,high,20帧全时段接触表可支持该具体题意。,not_reviewed_64frame,0
audit-0088,2,镜头移动时住宅群在画面中向哪侧移动？,reference_frame,0,1,0,1,0,0,0,high,short_answer,0,medium,20帧可见相关实体，但连续轨迹或动作结果需完整视频确认。,confirmed,0
audit-0088,3,水面先被树木部分遮挡还是后被完整展示？,occlusion_permanence,0,0,0,1,1,0,0,intermediate,short_answer,0,high,20帧全时段接触表可支持该具体题意。,not_reviewed_64frame,0
audit-0089,1,男子捆扎后木杆之间的相对状态如何变化？,deformation_state,0,0,0,1,0,1,1,intermediate,short_answer,0,medium,20帧可见相关实体，但连续轨迹或动作结果需完整视频确认。,confirmed,0
audit-0089,2,他先绕绳还是先拉紧绳结？,temporal_order,0,0,0,1,0,0,1,intermediate,short_answer,0,medium,20帧可见相关实体，但连续轨迹或动作结果需完整视频确认。,confirmed,0
audit-0089,3,捆扎点位于两根木杆交叉处还是末端？,static_relation,0,0,0,0,0,0,1,low,short_answer,0,high,20帧全时段接触表可支持该具体题意。,not_reviewed_64frame,0
audit-0090,1,孩子们在空地上是否朝远处共同跑动？,action_event,0,0,0,1,0,0,1,intermediate,short_answer,0,medium,20帧可见相关实体，但连续轨迹或动作结果需完整视频确认。,confirmed,0
audit-0090,2,儿童群与成年男子之间的距离如何变化？,dynamic_relation,0,0,0,1,0,0,1,intermediate,short_answer,0,medium,20帧可见相关实体，但连续轨迹或动作结果需完整视频确认。,confirmed,0
audit-0090,3,成年男子出现是在孩子们散开之前还是之后？,temporal_order,0,0,0,1,0,0,1,intermediate,short_answer,0,high,20帧全时段接触表可支持该具体题意。,not_reviewed_64frame,0
audit-0091,1,遥控飞行器相对地面的高度如何变化？,dynamic_relation,0,0,0,1,0,0,1,intermediate,short_answer,0,medium,20帧可见相关实体，但连续轨迹或动作结果需完整视频确认。,confirmed,0
audit-0091,2,飞行器靠近相机后是否再次远离？,temporal_order,0,0,0,1,0,0,1,intermediate,short_answer,0,medium,20帧可见相关实体，但连续轨迹或动作结果需完整视频确认。,confirmed,0
audit-0091,3,操作者始终位于飞行器后方吗？,static_relation,0,0,0,0,0,0,1,low,short_answer,1,medium,20帧可见相关实体，但连续轨迹或动作结果需完整视频确认。,still_uncertain,0
audit-0092,1,风铃在雨中主要向哪个方向摆动？,dynamic_relation,0,0,0,1,0,0,0,intermediate,short_answer,1,medium,20帧可见相关实体，但连续轨迹或动作结果需完整视频确认。,still_uncertain,0
audit-0092,2,风铃与远岸岛屿的前后关系是什么？,static_relation,0,0,0,0,0,0,0,low,short_answer,0,high,20帧全时段接触表可支持该具体题意。,not_reviewed_64frame,0
audit-0092,3,雨势变化是否伴随风铃摆幅变化？,deformation_state,0,0,0,1,0,1,0,intermediate,short_answer,1,medium,20帧可见相关实体，但连续轨迹或动作结果需完整视频确认。,still_uncertain,0
audit-0093,1,无人机从湖面哪一侧进入清晰画面？,orientation_facing,0,0,0,1,0,0,0,intermediate,short_answer,0,high,20帧全时段接触表可支持该具体题意。,not_reviewed_64frame,0
audit-0093,2,无人机相对远岸建筑的高度如何变化？,dynamic_relation,0,0,0,1,0,0,0,intermediate,short_answer,1,medium,20帧可见相关实体，但连续轨迹或动作结果需完整视频确认。,still_uncertain,0
audit-0093,3,镜头校色切换发生在无人机出现之前还是之后？,temporal_order,0,0,0,1,0,0,0,intermediate,short_answer,0,high,20帧全时段接触表可支持该具体题意。,not_reviewed_64frame,0
audit-0094,1,摩托车在片段末尾向道路哪一侧偏转？,orientation_facing,0,0,0,1,0,0,1,intermediate,short_answer,0,high,20帧全时段接触表可支持该具体题意。,not_reviewed_64frame,0
audit-0094,2,从骑手视角看中央隔离带位于哪一侧？,reference_frame,0,1,0,1,0,0,1,high,short_answer,0,high,20帧全时段接触表可支持该具体题意。,not_reviewed_64frame,0
audit-0094,3,经过斑马线发生在明显转向之前还是之后？,temporal_order,0,0,0,1,0,0,1,intermediate,short_answer,0,high,20帧全时段接触表可支持该具体题意。,not_reviewed_64frame,0
audit-0095,1,镜头先经过水果店还是服装店？,temporal_order,0,0,0,1,0,0,1,intermediate,short_answer,0,high,20帧全时段接触表可支持该具体题意。,not_reviewed_64frame,0
audit-0095,2,服装店陈列架相对通道位于哪一侧？,static_relation,0,0,0,0,0,0,1,low,short_answer,0,high,20帧全时段接触表可支持该具体题意。,not_reviewed_64frame,0
audit-0095,3,前进过程中迎面行人与相机距离如何变化？,dynamic_relation,0,0,0,1,0,0,1,intermediate,short_answer,0,medium,20帧可见相关实体，但连续轨迹或动作结果需完整视频确认。,confirmed,0
audit-0096,1,红色汽车绕场时是否与另一辆红车交会？,action_event,0,0,0,1,0,0,1,intermediate,short_answer,0,high,20帧全时段接触表可支持该具体题意。,not_reviewed_64frame,0
audit-0096,2,两辆车之间的距离如何变化？,dynamic_relation,0,0,0,1,0,0,1,intermediate,short_answer,0,medium,20帧可见相关实体，但连续轨迹或动作结果需完整视频确认。,confirmed,0
audit-0096,3,主要红车先从侧面经过还是先正面靠近相机？,temporal_order,0,0,0,1,0,0,1,intermediate,short_answer,0,high,20帧全时段接触表可支持该具体题意。,not_reviewed_64frame,0
audit-0097,1,男子沿走廊行进时是否改变朝向？,orientation_facing,0,0,0,1,0,0,1,intermediate,short_answer,0,high,20帧全时段接触表可支持该具体题意。,not_reviewed_64frame,0
audit-0097,2,他与墙上历史照片的距离如何变化？,dynamic_relation,0,0,0,1,0,0,1,intermediate,short_answer,0,medium,20帧可见相关实体，但连续轨迹或动作结果需完整视频确认。,confirmed,0
audit-0097,3,他先经过照片墙还是先到达洗手间门口？,temporal_order,0,0,0,1,0,0,1,intermediate,short_answer,0,high,20帧全时段接触表可支持该具体题意。,not_reviewed_64frame,0
audit-0098,1,冲浪者跌入浪花后是否再次露出水面？,occlusion_permanence,0,0,0,1,1,0,1,intermediate,short_answer,0,high,20帧全时段接触表可支持该具体题意。,not_reviewed_64frame,0
audit-0098,2,冲浪板与人分离后朝向如何变化？,dynamic_relation,0,0,0,1,0,0,1,intermediate,short_answer,0,medium,20帧可见相关实体，但连续轨迹或动作结果需完整视频确认。,confirmed,0
audit-0098,3,冲浪板竖起发生在冲浪者落水之前还是之后？,temporal_order,0,0,0,1,0,0,1,intermediate,short_answer,0,high,20帧全时段接触表可支持该具体题意。,not_reviewed_64frame,0
audit-0099,1,红色轿车靠近相机后从哪一侧经过？,dynamic_relation,0,0,0,1,0,0,0,intermediate,short_answer,0,high,20帧全时段接触表可支持该具体题意。,not_reviewed_64frame,0
audit-0099,2,车辆转弯时车头朝向如何变化？,orientation_facing,0,0,0,1,0,0,0,intermediate,short_answer,0,high,20帧全时段接触表可支持该具体题意。,not_reviewed_64frame,0
audit-0099,3,车辆最接近相机发生在完成转弯之前还是之后？,temporal_order,0,0,0,1,0,0,0,intermediate,short_answer,0,high,20帧全时段接触表可支持该具体题意。,not_reviewed_64frame,0
audit-0100,1,白车经过住宅时从车内视角向哪侧移动？,reference_frame,0,1,0,1,0,0,0,high,short_answer,0,high,20帧全时段接触表可支持该具体题意。,not_reviewed_64frame,0
audit-0100,2,白车与路边树木的遮挡关系如何变化？,occlusion_permanence,0,0,0,1,1,0,0,intermediate,short_answer,0,high,20帧全时段接触表可支持该具体题意。,not_reviewed_64frame,0
audit-0100,3,白车先出现在画面右侧还是左侧？,temporal_order,0,0,0,1,0,0,0,intermediate,short_answer,0,high,20帧全时段接触表可支持该具体题意。,not_reviewed_64frame,0
audit-0101,1,鱼在水面附近出现后是否被举到船边？,action_event,0,0,0,1,0,0,0,intermediate,short_answer,0,high,20帧全时段接触表可支持该具体题意。,not_reviewed_64frame,0
audit-0101,2,鱼从水中到手中的顺序是什么？,temporal_order,0,0,0,1,0,0,0,intermediate,short_answer,0,high,20帧全时段接触表可支持该具体题意。,not_reviewed_64frame,0
audit-0101,3,鱼被举起时相对船边位于哪一侧？,static_relation,0,0,0,0,0,0,0,low,short_answer,0,high,20帧全时段接触表可支持该具体题意。,not_reviewed_64frame,0
audit-0102,1,两辆摩托车起步后哪一辆先明显领先？,dynamic_relation,0,0,0,1,0,0,1,intermediate,short_answer,0,medium,20帧可见相关实体，但连续轨迹或动作结果需完整视频确认。,confirmed,0
audit-0102,2,烟雾出现发生在正式加速之前还是之后？,temporal_order,0,0,0,1,0,0,1,intermediate,short_answer,0,high,20帧全时段接触表可支持该具体题意。,not_reviewed_64frame,0
audit-0102,3,骑手们沿赛道朝哪个方向驶离？,orientation_facing,0,0,0,1,0,0,1,intermediate,short_answer,0,high,20帧全时段接触表可支持该具体题意。,not_reviewed_64frame,0
audit-0103,1,鱼线受力方向相对船体如何变化？,dynamic_relation,0,0,0,1,0,0,0,intermediate,short_answer,1,medium,20帧可见相关实体，但连续轨迹或动作结果需完整视频确认。,still_uncertain,0
audit-0103,2,鱼竿弯曲程度随时间如何变化？,deformation_state,0,0,0,1,0,1,0,intermediate,short_answer,0,medium,20帧可见相关实体，但连续轨迹或动作结果需完整视频确认。,confirmed,0
audit-0103,3,鱼竿先保持平直还是先出现弯曲？,temporal_order,0,0,0,1,0,0,0,intermediate,short_answer,0,high,20帧全时段接触表可支持该具体题意。,not_reviewed_64frame,0
audit-0104,1,镜头先展示座椅材质还是先展示驾驶控制区？,temporal_order,0,0,0,1,0,0,1,intermediate,short_answer,0,high,20帧全时段接触表可支持该具体题意。,not_reviewed_64frame,0
audit-0104,2,橙色饰条位于座椅的哪个边缘？,static_relation,0,0,0,0,0,0,1,low,short_answer,0,high,20帧全时段接触表可支持该具体题意。,not_reviewed_64frame,0
audit-0104,3,男子的手主要指向方向盘左侧的哪些控制区域？,orientation_facing,0,0,0,1,0,0,1,intermediate,short_answer,0,high,20帧全时段接触表可支持该具体题意。,not_reviewed_64frame,0
audit-0105,1,橙衣男子是否在持续处理手中物品？,action_event,0,0,0,1,0,0,1,intermediate,short_answer,0,medium,20帧可见相关实体，但连续轨迹或动作结果需完整视频确认。,confirmed,0
audit-0105,2,他低头操作与抬头观察的顺序如何交替？,temporal_order,0,0,0,1,0,0,1,intermediate,short_answer,0,medium,20帧可见相关实体，但连续轨迹或动作结果需完整视频确认。,confirmed,0
audit-0105,3,手中物品相对栏杆位于哪一侧？,static_relation,0,0,0,0,0,0,1,low,short_answer,0,high,20帧全时段接触表可支持该具体题意。,not_reviewed_64frame,0
audit-0106,1,女子先握住小鱼还是先让另一只手接近鱼钩？,temporal_order,0,0,0,1,0,0,1,intermediate,short_answer,0,high,20帧全时段接触表可支持该具体题意。,not_reviewed_64frame,0
audit-0106,2,鱼从女子手中到另一人手中的位置如何变化？,dynamic_relation,0,0,0,1,0,0,1,intermediate,short_answer,0,high,20帧全时段接触表可支持该具体题意。,not_reviewed_64frame,0
audit-0106,3,处理后鱼钩是否与鱼分离？,deformation_state,0,0,0,1,0,1,1,intermediate,short_answer,0,medium,20帧可见相关实体，但连续轨迹或动作结果需完整视频确认。,confirmed,0
audit-0107,1,遥控直升机是先升空还是先从灌木后出现？,temporal_order,0,0,0,1,0,0,0,intermediate,short_answer,0,medium,20帧可见相关实体，但连续轨迹或动作结果需完整视频确认。,confirmed,0
audit-0107,2,直升机相对地面的高度如何变化？,dynamic_relation,0,0,0,1,0,0,0,intermediate,short_answer,0,medium,20帧可见相关实体，但连续轨迹或动作结果需完整视频确认。,confirmed,0
audit-0107,3,直升机最终是否平稳落到草地？,action_event,0,0,0,1,0,0,0,intermediate,short_answer,0,high,20帧全时段接触表可支持该具体题意。,not_reviewed_64frame,0
audit-0108,1,黑衣男子手指向岩石的哪个部位？,orientation_facing,0,0,0,1,0,0,1,intermediate,short_answer,0,high,20帧全时段接触表可支持该具体题意。,not_reviewed_64frame,0
audit-0108,2,他转身指示发生在穿过人群之前还是之后？,temporal_order,0,0,0,1,0,0,1,intermediate,short_answer,0,high,20帧全时段接触表可支持该具体题意。,not_reviewed_64frame,0
audit-0108,3,指示时岩石相对男子位于哪一侧？,static_relation,0,0,0,0,0,0,1,low,short_answer,0,high,20帧全时段接触表可支持该具体题意。,not_reviewed_64frame,0
audit-0109,1,展示者主要指向包装盒的哪个区域？,orientation_facing,0,0,0,1,0,0,1,intermediate,short_answer,0,high,20帧全时段接触表可支持该具体题意。,not_reviewed_64frame,0
audit-0109,2,盒面圆形图案相对产品名称位于哪里？,static_relation,0,0,0,0,0,0,1,low,short_answer,0,high,20帧全时段接触表可支持该具体题意。,not_reviewed_64frame,0
audit-0109,3,镜头是否始终保持包装盒完整可见？,occlusion_permanence,0,0,0,1,1,0,1,intermediate,short_answer,0,high,20帧全时段接触表可支持该具体题意。,not_reviewed_64frame,0
audit-0110,1,三只狗在沙地上的前后位置如何变化？,dynamic_relation,0,0,0,1,0,0,0,intermediate,short_answer,0,medium,20帧可见相关实体，但连续轨迹或动作结果需完整视频确认。,confirmed,0
audit-0110,2,白狗与黑狗哪一只先接近相机？,temporal_order,0,0,0,1,0,0,0,intermediate,short_answer,0,medium,20帧可见相关实体，但连续轨迹或动作结果需完整视频确认。,confirmed,0
audit-0110,3,狗群是否在奔跑中改变整体方向？,orientation_facing,0,0,0,1,0,0,0,intermediate,short_answer,0,medium,20帧可见相关实体，但连续轨迹或动作结果需完整视频确认。,confirmed,0
audit-0111,1,航拍镜头从空地向居民区靠近时距离如何变化？,dynamic_relation,0,0,0,1,0,0,0,intermediate,short_answer,0,high,20帧全时段接触表可支持该具体题意。,not_reviewed_64frame,0
audit-0111,2,居民区位于草地的哪个方向？,static_relation,0,0,0,0,0,0,0,low,short_answer,0,high,20帧全时段接触表可支持该具体题意。,not_reviewed_64frame,0
audit-0111,3,教堂尖顶是在房屋群之前还是之后变得清晰？,temporal_order,0,0,0,1,0,0,0,intermediate,short_answer,1,medium,20帧可见相关实体，但连续轨迹或动作结果需完整视频确认。,still_uncertain,0
audit-0112,1,海鸟靠近船时与相机的距离如何变化？,dynamic_relation,0,0,0,1,0,0,0,intermediate,short_answer,0,high,20帧全时段接触表可支持该具体题意。,not_reviewed_64frame,0
audit-0112,2,哪只海鸟先飞到画面近处？,temporal_order,0,0,0,1,0,0,0,intermediate,short_answer,1,medium,20帧可见相关实体，但连续轨迹或动作结果需完整视频确认。,still_uncertain,0
audit-0112,3,海鸟掠过船侧时朝哪个方向飞行？,orientation_facing,0,0,0,1,0,0,0,intermediate,short_answer,0,high,20帧全时段接触表可支持该具体题意。,not_reviewed_64frame,0
audit-0113,1,移动镜头中车辆与马匹区域的距离如何变化？,dynamic_relation,0,0,0,1,0,0,1,intermediate,short_answer,0,medium,20帧可见相关实体，但连续轨迹或动作结果需完整视频确认。,confirmed,0
audit-0113,2,车列与马匹围场分别位于画面的哪一侧？,static_relation,0,0,0,0,0,0,1,low,short_answer,0,high,20帧全时段接触表可支持该具体题意。,not_reviewed_64frame,0
audit-0113,3,镜头先经过拖车还是先展示远处马匹？,temporal_order,0,0,0,1,0,0,1,intermediate,short_answer,0,high,20帧全时段接触表可支持该具体题意。,not_reviewed_64frame,0
audit-0114,1,小船通过桥下时桥面从相机上方如何移动？,reference_frame,0,1,0,1,0,0,1,high,short_answer,0,medium,20帧可见相关实体，但连续轨迹或动作结果需完整视频确认。,confirmed,0
audit-0114,2,船与桥墩之间的距离如何变化？,dynamic_relation,0,0,0,1,0,0,1,intermediate,short_answer,0,medium,20帧可见相关实体，但连续轨迹或动作结果需完整视频确认。,confirmed,0
audit-0114,3,船尾出现在画面前还是后完全离开桥下？,temporal_order,0,0,0,1,0,0,1,intermediate,short_answer,0,high,20帧全时段接触表可支持该具体题意。,not_reviewed_64frame,0
audit-0115,1,男子先展示车身外壳还是先展示开孔细节？,temporal_order,0,0,0,1,0,0,1,intermediate,short_answer,0,high,20帧全时段接触表可支持该具体题意。,not_reviewed_64frame,0
audit-0115,2,开孔位于车身部件的哪个区域？,static_relation,0,0,0,0,0,0,1,low,short_answer,0,high,20帧全时段接触表可支持该具体题意。,not_reviewed_64frame,0
audit-0115,3,车身部件是否呈现未完成或拆卸状态？,deformation_state,0,0,0,1,0,1,1,intermediate,short_answer,0,high,20帧全时段接触表可支持该具体题意。,not_reviewed_64frame,0
audit-0116,1,白色汽车绕停车场时与相机距离如何变化？,dynamic_relation,0,0,0,1,0,0,0,intermediate,short_answer,0,high,20帧全时段接触表可支持该具体题意。,not_reviewed_64frame,0
audit-0116,2,汽车经过近处后车头朝向如何改变？,orientation_facing,0,0,0,1,0,0,0,intermediate,short_answer,0,high,20帧全时段接触表可支持该具体题意。,not_reviewed_64frame,0
audit-0116,3,汽车先接近装卸区还是先从远处横向驶过？,temporal_order,0,0,0,1,0,0,0,intermediate,short_answer,0,high,20帧全时段接触表可支持该具体题意。,not_reviewed_64frame,0
audit-0117,1,车辆从支路汇入主路前是否等待横向车流？,action_goal,1,0,0,1,0,0,1,high,short_answer,0,medium,20帧可见相关实体，但连续轨迹或动作结果需完整视频确认。,confirmed,0
audit-0117,2,从驾驶者视角看汇入方向位于哪一侧？,reference_frame,0,1,0,1,0,0,1,high,short_answer,0,high,20帧全时段接触表可支持该具体题意。,not_reviewed_64frame,0
audit-0117,3,横向车辆通过与本车起步的先后顺序是什么？,temporal_order,0,0,0,1,0,0,1,intermediate,short_answer,0,high,20帧全时段接触表可支持该具体题意。,not_reviewed_64frame,0
audit-0118,1,房车侧面的入口门位于车身哪一端？,static_relation,0,0,0,0,0,0,0,low,short_answer,0,high,20帧全时段接触表可支持该具体题意。,not_reviewed_64frame,0
audit-0118,2,镜头沿车身移动时不同窗户的出现顺序是什么？,temporal_order,0,0,0,1,0,0,0,intermediate,short_answer,0,high,20帧全时段接触表可支持该具体题意。,not_reviewed_64frame,0
audit-0118,3,房车侧面的伸出结构是否处于展开状态？,deformation_state,0,0,0,1,0,1,0,intermediate,short_answer,0,high,20帧全时段接触表可支持该具体题意。,not_reviewed_64frame,0
audit-0119,1,摩托车与前方红车的距离如何变化？,dynamic_relation,0,0,0,1,0,0,0,intermediate,short_answer,0,medium,20帧可见相关实体，但连续轨迹或动作结果需完整视频确认。,confirmed,0
audit-0119,2,通过路口时红车选择了哪个行进方向？,action_event,0,0,0,1,0,0,0,intermediate,short_answer,0,medium,20帧可见相关实体，但连续轨迹或动作结果需完整视频确认。,confirmed,0
audit-0119,3,从骑手视角看转向车道位于哪一侧？,reference_frame,0,1,0,1,0,0,0,high,short_answer,0,high,20帧全时段接触表可支持该具体题意。,not_reviewed_64frame,0
audit-0120,1,开箱后鼠标配件按什么顺序被取出？,temporal_order,0,0,0,1,0,0,1,intermediate,short_answer,0,high,20帧全时段接触表可支持该具体题意。,not_reviewed_64frame,0
audit-0120,2,包装从封闭到展开经历了什么状态变化？,deformation_state,0,0,0,1,0,1,1,intermediate,short_answer,0,high,20帧全时段接触表可支持该具体题意。,not_reviewed_64frame,0
audit-0120,3,说明书相对鼠标和电池放在桌面的哪一侧？,static_relation,0,0,0,0,0,0,1,low,short_answer,0,high,20帧全时段接触表可支持该具体题意。,not_reviewed_64frame,0
