candidate_pair_id,packet_id,pair_type,video,arm_a_index,arm_a_category_id,arm_a_category,arm_a_scene_type,arm_a_question_type,arm_a_question,arm_a_answer,arm_b_index,arm_b_category_id,arm_b_category,arm_b_scene_type,arm_b_question_type,arm_b_question,arm_b_answer,question_type_match,scene_type_match,pair_sha256
pair-cag-012-p01,pair-cag-012,camera_vs_actor_goal,ixmQzysi2sc_19_0_02_16_369_to_0_02_28_314.mp4,7430,6,Egocentric vs. Allocentric Reference Frames,Human-Centric,Single-Choice,"[Single-Choice] At the start of the video, from the camera's point of view, where is the large Gothic church located relative to the woman? [Options] A) The church is directly behind her. B) The church is to her left, mostly behind the man. C) The church is to her right. D) The church is fully obscured by the man's body.",B,5807,3,Action and Intent-Driven Spatial Reasoning,Human-Centric,Multiple-Select,"[Multiple-Select] The people are intentionally creating a 'tourist' video. Which of the following spatial choices visually support this goal? (Select all that apply) [Options] A) They have framed the shot to include a prominent, historic church in the background. B) The camera is held close to their faces, excluding the surrounding environment. C) They are positioned centrally within a bustling public square with market stalls. D) The camera angle is low, pointing upwards to emphasize the scale of the buildings around them.","A, C, D",no,yes,9237ae4e6a3cd9166ed76b48141c8f5509cafaa9d3a0a3e10b45c5bee000d3d4
pair-cag-017-p01,pair-cag-017,camera_vs_actor_goal,mpBi6mumey8_22_0_04_43_000_to_0_05_06_279.mp4,5710,6,Egocentric vs. Allocentric Reference Frames,Human-Centric,Single-Choice,"[Single-Choice] From the visual perspective of any rower in the leading yellow boat, the white tents on the riverbank are located in which direction relative to their body?
 [Options] A) Directly in front of them.
B) Directly behind them.
C) To their left side.
D) To their right side.",D,9569,3,Action and Intent-Driven Spatial Reasoning,Human-Centric,True/False,"[True/False] The forward motion of the yellow boat is achieved by the four rowers pulling their oars through the water in a synchronized, repeating pattern.",True,no,yes,0409594fc83b75fba3565cd7ca8d5679e403f56476a0dde2d00ff2e9c869af15
pair-cag-022-p01,pair-cag-022,camera_vs_actor_goal,fg5OKg5ul3A_37_0_06_15_408_to_0_06_34_227.mp4,9146,6,Egocentric vs. Allocentric Reference Frames,Human-Centric,True/False,"[True/False] From the perspective of the person eating, the compartment with onions is located to the right of the compartment with the main curry sauce.",False,8316,3,Action and Intent-Driven Spatial Reasoning,Human-Centric,Single-Choice,[Single-Choice] What is the immediate spatial goal of the person's left hand at the beginning of the video? [Options] A) To move the entire plate closer. B) To pick up the spoon from the curry. C) To add onions from the side compartment to the sandwich. D) To pick up the second piece of bread.,C,no,yes,cddeef04b8348957002fb5cc73a96967729900bc36ae53c4ffc9f18913a1ae88
pair-cag-034-p01,pair-cag-034,camera_vs_actor_goal,hIjz8pSczC4_27_0_05_04_633_to_0_05_15_066.mp4,7855,6,Egocentric vs. Allocentric Reference Frames,Human-Centric,Single-Choice,"[Single-Choice] The video begins with a first-person view of a hand pointing at the water. From the final perspective of the person in the camouflage jacket, where is this pointed-at area located? [Options] A) Directly behind them. B) To their immediate left. C) In front of them and to their right. D) Directly in front of them.",C,7854,3,Action and Intent-Driven Spatial Reasoning,Human-Centric,Single-Choice,"[Single-Choice] Based on the initial pointing gesture towards the water and the presence of fishing equipment, what is the most likely immediate purpose of the gesture? [Options] A) To indicate the direction of the distant shoreline. B) To show where a piece of equipment fell into the water. C) To draw another person's attention to a specific spot in the water, likely for fishing. D) To measure the distance to an incoming wave.",C,yes,yes,3ab286fc839b1c78be242774779509adf19979245c398f49e7b1c2cdcd79741c
pair-cag-038-p01,pair-cag-038,camera_vs_actor_goal,WrTTfmkKQsM_46_0_08_03_524_to_0_08_15_119.mp4,588,6,Egocentric vs. Allocentric Reference Frames,Human-Centric,Single-Choice,"[Single-Choice] As the motorcycle accelerates through the intersection, what is the final position of the red car relative to the motorcycle's camera? [Options] A) Directly in front of the motorcycle. B) To the right and behind the motorcycle. C) To the left and behind the motorcycle. D) It is no longer visible.",A,2154,3,Action and Intent-Driven Spatial Reasoning,Human-Centric,Single-Choice,"[Single-Choice] Based on the sequence of events, what is the most immediate visual cue that prompts the motorcycle rider to start moving forward? [Options] A) The traffic light turning green. B) The red car ahead starting to accelerate. C) A change in the position of the construction barriers. D) The disappearance of the rider's shadow.",B,yes,yes,72365d290664dafff7105102c3adb905adf783d801dfc510f6cd76881390dff7
pair-cag-041-p01,pair-cag-041,camera_vs_actor_goal,W9QkkriBjhY_23_0_03_16_863_to_0_03_31_511.mp4,3710,6,Egocentric vs. Allocentric Reference Frames,Human-Centric,True/False,"[True/False] From the camera's perspective, as the watercraft begins to turn, the distant red structure on the right moves from the edge of the frame towards the center.",False,4775,3,Action and Intent-Driven Spatial Reasoning,Human-Centric,Single-Choice,[Single-Choice] A hand appears on the right and grips a control. What is the immediate spatial result of this action? [Options] A) The watercraft comes to a stop. B) The watercraft begins turning to the left while maintaining speed. C) The watercraft accelerates while beginning a turn to the right. D) The watercraft reverses direction.,C,no,yes,0f4de9bb7e9b21bc3ccfc65a70eb0ccacc36d411c48e0f0acb7783b5856ad736
pair-cag-052-p01,pair-cag-052,camera_vs_actor_goal,N0b5SvS9k0E_66_0_12_19_238_to_0_12_50_803.mp4,1093,6,Egocentric vs. Allocentric Reference Frames,Human-Centric,Single-Choice,"[Single-Choice] As the camera pans to the left between 0:18 and 0:21, how does the position of the large distant lake change within the visual frame? [Options] A) It shifts from the center-left towards the right side of the frame. B) It shifts from the right side towards the left side of the frame. C) It disappears completely behind the mountains on the left. D) It remains stationary in the center.",B,1,3,Action and Intent-Driven Spatial Reasoning,Human-Centric,Single-Choice,"[Single-Choice] Based on the camera's panning movements between 0:15 and 0:25, what is the person's immediate spatial objective? [Options] A) To execute a series of sharp turns for practice. B) To find a specific landing spot on the ridge below. C) To locate another paraglider and fly towards it. D) To fly directly towards the large body of water.",B,yes,yes,056a143b8bae5d956559cd9f28e2e742ade1134fffb3799e385af5be5086d6ac
pair-cag-058-p01,pair-cag-058,camera_vs_actor_goal,k6I2H0q9XqY_17_0_08_09_722_to_0_09_19_792.mp4,6114,6,Egocentric vs. Allocentric Reference Frames,Human-Centric,Fill-in-the-Blank,"[Fill-in-the-Blank] When laying the cable in the row nearest the camera (around 0:36), the person is moving their hands and pressing the cable into the mat from their own ______ to their own ______. [Fill with left/right]",right; left,7068,3,Action and Intent-Driven Spatial Reasoning,Human-Centric,Single-Choice,[Single-Choice] The person alters the straight path of the red cable by creating a small U-shaped loop within a single row of the orange mat around the 0:50 mark. What is the most likely physical purpose of creating this specific shape? [Options] A) To mark the halfway point of the installation. B) To secure the cable more tightly into the mat's channel. C) To allow slack for future thermal expansion or contraction. D) To prepare the cable for a 90-degree turn into an adjacent row.,C,no,yes,10c1c3a71618f6fe4d49a5a9ec2663cfe0e524ee7b81dd206dd6e4cdeb27fdfd
pair-cag-067-p01,pair-cag-067,camera_vs_actor_goal,f7T2ae69WOQ_5_0_00_33_533_to_0_00_46_613.mp4,6488,6,Egocentric vs. Allocentric Reference Frames,Human-Centric,Fill-in-the-Blank,"[Fill-in-the-Blank] In the first two seconds of the video, the skateboarder jumps over a concrete ledge. From the camera's point of view, the skateboarder lands and immediately begins a wide turn to their ____.",right,8505,3,Action and Intent-Driven Spatial Reasoning,Human-Centric,Single-Choice,"[Single-Choice] The skateboarder attempts to slide along the metal rail. Based on their body's initial trajectory and momentum, what was the intended landing zone for a successful maneuver?
[Options]
A) On the grass to the left of the rail.
B) Back on the concrete where they started.
C) On the concrete path at the far end of the rail.
D) Directly on top of the wooden bench visible in the background.",C,no,yes,e735e323e47163644cca390cbc346d928e71bca0afa8622a40f89bd9627a8a9a
pair-cag-075-p01,pair-cag-075,camera_vs_actor_goal,jIPqc85BUP8_12_0_02_46_533_to_0_03_04_784.mp4,7333,6,Egocentric vs. Allocentric Reference Frames,Human-Centric,Single-Choice,"[Single-Choice] The rider starts by moving parallel to a building on their left. After completing the turn around the grassy median, where is that same building now located relative to the rider? [Options] A) Still on their left. B) Directly in front of them. C) Behind them and to their right. D) Directly on their right.",C,7334,3,Action and Intent-Driven Spatial Reasoning,Human-Centric,Single-Choice,"[Single-Choice] Based on the rider's continuous, flowing movements and path through the empty section of the parking lot, what is the most likely purpose of this ride? [Options] A) Searching for a specific parked car. B) Practicing maneuvering and carving turns. C) Rushing to the building entrance. D) Following the yellow line for a road test.",B,yes,yes,3d56de7afdb6d66f2e09e1e7b1c077b5f4472ef2954658c3797acdfbd3c5300f
pair-cag-077-p01,pair-cag-077,camera_vs_actor_goal,JrX0VqYTkN8_2_0_00_28_433_to_0_00_39_833.mp4,816,6,Egocentric vs. Allocentric Reference Frames,Human-Centric,Single-Choice,"[Single-Choice] From a bird's-eye view (allocentric perspective), what is the relationship between the silver car's speed and the motorcycle's speed in the first three seconds? [Options] A) The silver car is moving faster than the motorcycle. B) The motorcycle is moving faster than the silver car. C) They are moving at the same speed. D) The silver car is stationary.",C,817,3,Action and Intent-Driven Spatial Reasoning,Human-Centric,Single-Choice,"[Single-Choice] A pedestrian is briefly visible on the left side of the road near the start of the video. Based on their observed movement, what is their immediate spatial goal? [Options] A) To cross the main road in front of the motorcycle. B) To wait at the corner for traffic to pass. C) To turn and walk onto the intersecting side street. D) To walk toward the motorcycle along the shoulder.",D,yes,yes,cf6c6540483fdaf102517bded0d11d06311b01d94275adad378458981484458c
pair-cag-096-p01,pair-cag-096,camera_vs_actor_goal,RMZP7h6_zKg_1_0_00_07_073_to_0_00_19_285.mp4,487,6,Egocentric vs. Allocentric Reference Frames,Human-Centric,Single-Choice,"[Single-Choice] From the barber's point of view, in which direction is he combing the bulk of the hair on top of the client's head? [Options] A) Towards his (the barber's) left. B) Towards his (the barber's) right. C) Straight back, away from the client's forehead. D) Forward, towards the client's forehead.",A,6090,3,Action and Intent-Driven Spatial Reasoning,Human-Centric,Multiple-Select,"[Multiple-Select] At the beginning of the video, the barber uses only his hands on the client's hair. What are the spatial purposes of these initial hand movements before any tools are used? (Select all that apply) [Options] A) To push the hair back and to the side, establishing the style's general direction. B) To flatten all the hair down onto the scalp. C) To lift the hair at the front hairline to gauge its position and flow. D) To evenly distribute a product from his palm.","A, C",no,yes,da7e0b1e67e8da16852c0bef97a8f6851a89615421f489a25cd583de51134daf
pair-cag-098-p01,pair-cag-098,camera_vs_actor_goal,iZ-iVMl3Y9U_43_0_05_33_104_to_0_05_45_189.mp4,6250,6,Egocentric vs. Allocentric Reference Frames,Human-Centric,Fill-in-the-Blank,"[Fill-in-the-Blank] At the start of the slide, the dark, barrel-like object on the snow bank is on the sledder's ______ side.",left,7541,3,Action and Intent-Driven Spatial Reasoning,Human-Centric,Single-Choice,[Single-Choice] What does the dog's trajectory relative to the sledder indicate about its spatial goal? [Options] A) It is trying to cut the sledder off by taking a different path up the snow bank. B) It is running away from the sledder. C) It is attempting to intercept the sledder by following their direct path. D) It is running parallel to the sledder to observe from a distance.,C,no,yes,2cbc06a37d74f09bf264490768016b1f4585b996208ea582046139a6f7e6cf56
pair-cag-107-p01,pair-cag-107,camera_vs_actor_goal,v9lTwOyEhd8_31_0_09_28_559_to_0_09_41_480.mp4,9869,6,Egocentric vs. Allocentric Reference Frames,Human-Centric,True/False,"[True/False] From the perspective of the person in the first scene, the yellow rope moves towards their chest. From the perspective of the boat itself, the primary effect of this action is to move the attached horizontal pole sideways.",True,5926,3,Action and Intent-Driven Spatial Reasoning,Human-Centric,Multiple-Select,"[Multiple-Select] In the second scene, the person wraps the rope around the silver winch. What is the spatial and mechanical purpose of this preparatory action? (Select all that apply)
[Options]
A) To use the friction between the rope and the winch drum to hold tension.
B) To engage the rope with a rotating mechanism that provides a mechanical advantage.
C) To guide the rope in a straight line toward the front of the boat.
D) To prepare to tie a knot, securing the rope to the winch.","A, B",no,yes,26d9b880bcd5d25a216db6ae8897a62bd8b75232962e8a8136bb8336f43881f5
pair-cag-108-p01,pair-cag-108,camera_vs_actor_goal,k-8PbpDu9Vg_11_0_03_07_831_to_0_03_35_789.mp4,6131,6,Egocentric vs. Allocentric Reference Frames,Human-Centric,Fill-in-the-Blank,"[Fill-in-the-Blank] In the first four seconds of the video, from the rider's point of view, the house with the dark roof is primarily on their ______ side.",left,8741,3,Action and Intent-Driven Spatial Reasoning,Human-Centric,True/False,"[True/False] Throughout the video, the rider's action causes the horse to change its direction of travel from moving across the field to moving deeper into it.",True,no,yes,560d33c2c3f8ade5cf8506b9d9a5651ee201060bac7eaaec8bb99534cd635e9e
pair-cag-109-p01,pair-cag-109,camera_vs_actor_goal,kuJpEZs6Zmo_56_0_06_57_083_to_0_07_13_266.mp4,9780,6,Egocentric vs. Allocentric Reference Frames,Human-Centric,True/False,"[True/False] At the end of the video, from the camera's perspective, the two prominent pine trees are to the left of both men.",False,5911,3,Action and Intent-Driven Spatial Reasoning,Human-Centric,Multiple-Select,"[Multiple-Select] Based on the men's final positions and their shared focus of attention, what are the defining spatial characteristics of the location they have reached? (Select all that apply) [Options] A) It is a low-lying area within a basin. B) It is an elevated point that provides a wide, unobstructed view. C) It is a densely wooded section of the trail. D) It is situated at the edge of a steep downward slope.","B, D",no,yes,6b2e2eefcd6ca1a2bc6dcaf907eb3f873c049b7e80705b2751d19ce03a8b4ce0
pair-cag-112-p01,pair-cag-112,camera_vs_actor_goal,nou8vk6lUoo_102_0_37_55_642_to_0_38_22_769.mp4,9457,6,Egocentric vs. Allocentric Reference Frames,Human-Centric,True/False,"[True/False] When both men are standing and talking, from the perspective of the man in the black t-shirt, the chef is positioned between him and the stove.",True,5883,3,Action and Intent-Driven Spatial Reasoning,Human-Centric,Multiple-Select,"[Multiple-Select] Near the end of the video, the man in the black t-shirt places his left hand on the chef's right shoulder. Which of the following spatial consequences result directly from this action? (Select all that apply) [Options] A) The chef is forced to take a step back from the stove. B) The chef's right arm movement is temporarily restricted. C) The two men are brought into direct physical contact. D) The man in the t-shirt leans over the bowl of salad on the island.","B, C",no,yes,303c577b0836acac36da163e07503ac1f7d8cc93d5ff8ea2cf190b3071fd550d
pair-dvi-005-p01,pair-dvi-005,dynamic_vs_intent,hEpf9WmuyzM_18_0_02_08_166_to_0_02_21_300.mp4,6336,2,Dynamic Spatial Relationships,Human-Centric,Fill-in-the-Blank,"[Fill-in-the-Blank] As the person steps back and gestures with both hands, he moves from being primarily in front of the small box to being more centrally located between the ______ and the pumpkin.",small cardboard box,7882,3,Action and Intent-Driven Spatial Reasoning,Human-Centric,Single-Choice,"[Single-Choice] Given that the project involves a patio pond and the current setting is a living room, what is the most logical immediate next spatial action for the person? [Options] A) Carve the pumpkin on the box. B) Fill the pond kit with water from the fish tank in the background. C) Move all the project items outside to a patio area. D) Open the small box to see its contents.",C,no,yes,01e9dfbcb1dd45631019ff2b1faac9ae5fe4761e17ef7c7905254118456bfb60
pair-dvi-022-p01,pair-dvi-022,dynamic_vs_intent,muDm3wlpGkk_55_0_08_21_267_to_0_08_33_679.mp4,9560,2,Dynamic Spatial Relationships,Human-Centric,True/False,"[True/False] As the camera tilts down from the handlebars to focus on the front headlight, the asphalt street in the background appears to move upward relative to the bike's frame.",True,5715,3,Action and Intent-Driven Spatial Reasoning,Human-Centric,Single-Choice,"[Single-Choice] The person's hand points to two different lights in sequence. The first is on the handlebar stem, and the second is on the front fork. How is the first pointed-to light positioned relative to the second pointed-to light on the bicycle's frame?
[Options]
A) Lower and more forward.
B) Higher and closer to the bike's seat.
C) To the left and at the same height.
D) Higher and more forward.",B,no,yes,56c823b2326aed637c008ae6b4c6da561caef0ef5cf7d62c2289f328c165e89b
pair-dvi-037-p01,pair-dvi-037,dynamic_vs_intent,lHnZ_JC87CQ_22_0_02_59_145_to_0_03_12_926.mp4,5606,2,Dynamic Spatial Relationships,Human-Centric,Single-Choice,"[Single-Choice] From the camera's moving perspective, how does the apparent width of the path between the train station on the left and the buildings on the right change? [Options] A) It consistently widens. B) It consistently narrows. C) It remains visually the same. D) It widens and then narrows.",c,9739,3,Action and Intent-Driven Spatial Reasoning,Human-Centric,True/False,"[True/False] Based on the camera's steady forward trajectory, the person's immediate intention is to enter the train station on the left.",False,no,yes,719ae6b7d749737ff7acf38832393c6a2788dd66f9c49efb03b36aa5cd9f4fde
pair-dvi-059-p01,pair-dvi-059,dynamic_vs_intent,gYjQ1MJxwOI_28_0_04_56_045_to_0_05_06_764.mp4,8070,2,Dynamic Spatial Relationships,Human-Centric,Single-Choice,"[Single-Choice] As the camera approaches the stall, a man in a grey hoodie walks from right to left. At the moment he passes the woman in the black vest standing at the stall, what is their spatial relationship relative to the camera? [Options] A) The man is positioned between the camera and the woman. B) The woman is positioned between the camera and the man. C) The man and woman are at the same distance from the camera. D) The man and the woman are standing next to each other on a line perpendicular to the camera's view.",A,8069,3,Action and Intent-Driven Spatial Reasoning,Human-Centric,Single-Choice,"[Single-Choice] A woman in a black hoodie approaches the stall from the right. Based on her final position and where she directs her attention, which items is she most likely interested in purchasing? [Options] A) The peaches on the far left. B) The red tomatoes in the center-right. C) The green and dark grapes in the center. D) The cucumbers on the far right.",C,yes,yes,908e2df70ef224fded6c8b50038e09cda42190c9a0c10e85059eeddf53c3cc0f
pair-dvi-061-p01,pair-dvi-061,dynamic_vs_intent,lu_LzB3CD-w_45_0_07_16_060_to_0_07_32_368.mp4,5651,2,Dynamic Spatial Relationships,Human-Centric,Single-Choice,[Single-Choice] What best describes the change in the spatial relationship between the front of the motorcycle and the green SUV from the moment the SUV enters the road until the motorcycle comes to a near stop? [Options] A) The distance between them consistently increases. B) The distance remains relatively constant. C) The distance rapidly decreases then slightly increases. D) The distance rapidly decreases and continues to decrease.,C,9661,3,Action and Intent-Driven Spatial Reasoning,Human-Centric,True/False,[True/False] The green SUV's action of entering the road created a direct conflict with the motorcycle's established forward trajectory.,True,no,yes,202a3242b970d2172ddac04ecf7a0283be104b4f22807a0d72eeda9717e021e2
pair-dvi-063-p01,pair-dvi-063,dynamic_vs_intent,r7fOGBv-GjI_20_0_06_58_560_to_0_07_24_680.mp4,5196,2,Dynamic Spatial Relationships,Human-Centric,Single-Choice,"[Single-Choice] At the 0:03 mark, which horse is positioned directly between the horse with the red and white polka dot jockey and the horse with the solid green jockey?",The horse with the blue and white checkered jockey.,5197,3,Action and Intent-Driven Spatial Reasoning,Human-Centric,True/False,[True/False] The jockey in the red shirt and white helmet maintains a path along the inside rail (closest to the camera's initial viewpoint) for the entire final stretch of the race shown.,True,no,yes,0febfd3310f75e9b0fbcf335d35808cb29eb9f419a89639458a5d42e5a032b82
pair-dvi-067-p02,pair-dvi-067,dynamic_vs_intent,hac-PvKqKQc_13_0_04_26_966_to_0_04_40_980.mp4,8969,2,Dynamic Spatial Relationships,Human-Centric,True/False,[True/False] The black valve of the canister remains pointed in the same direction relative to the girl's body for the entire duration of her walk.,False,7782,3,Action and Intent-Driven Spatial Reasoning,Human-Centric,Single-Choice,"[Single-Choice] Based on the girl's continuous forward trajectory toward the end of the video, what is her most immediate destination? [Options] A) The steps she walked away from. B) The terracotta planter. C) The glass entrance doors. D) The blue railing visible in the background.",C,no,yes,da8a737132421b1f2fcb978b4c1478fd1cfb6c35a79e90b57f827688cb6018f0
pair-dvi-086-p01,pair-dvi-086,dynamic_vs_intent,jEcdle5_AGE_3_0_00_15_839_to_0_00_28_480.mp4,7351,2,Dynamic Spatial Relationships,Object-Centric,Single-Choice,"[Single-Choice] At the beginning of the video, a small white foal is standing to the right of a large grey horse. After the camera finishes its pan to the left, what is the status of these two horses? [Options] A) The foal is now to the left of the grey horse. B) The grey horse remains in view, but the foal is no longer visible. C) Both horses have moved out of the frame. D) The foal remains in view, but the grey horse is no longer visible.",B,7349,3,Action and Intent-Driven Spatial Reasoning,Object-Centric,Single-Choice,"[Single-Choice] Based on the posture and movement of the two brown horses on the far left at the beginning of the video, what is their most likely immediate spatial interaction? [Options] A) They are preparing to race each other across the field. B) The smaller horse is following the larger horse as they move left. C) They are standing still to watch the grey horse. D) The larger horse is blocking the smaller horse from moving forward.",B,yes,yes,22675acd57f8885c8a30807013d10ea8671a3e236de2b6ff40c233b4d1354018
pair-dvi-093-p01,pair-dvi-093,dynamic_vs_intent,JxlY11io7Ao_78_0_09_03_200_to_0_09_13_240.mp4,829,2,Dynamic Spatial Relationships,Human-Centric,True/False,"[True/False] Throughout the entire struggle shown in the video, the phone is consistently held closer to the orange bucket than to the black bucket.",True,828,3,Action and Intent-Driven Spatial Reasoning,Human-Centric,Single-Choice,"[Single-Choice] Based on the physical interaction and the objects present, what is the immediate spatial goal of the person wearing the paper bag regarding the phone? [Options] A) To throw the phone at the screen in the background. B) To hide the phone behind their back. C) To place the phone into one of the buckets. D) To inspect the back of the phone.",C,no,yes,4f161192ec0ce07f5e891c83706bdb702205c58ba93624117ef5b67593a0a626
pair-dvi-095-p01,pair-dvi-095,dynamic_vs_intent,fpseuY3g4Dk_57_0_14_04_633_to_0_14_26_299.mp4,8289,2,Dynamic Spatial Relationships,Human-Centric,Single-Choice,"[Single-Choice] The video begins focused on a woman in a black shirt. As the camera pans right and pulls back, what happens to the position of the worker who was initially visible in the background on the far left? [Options] A) This worker remains on the far left of the frame for the entire duration. B) This worker moves out of the frame to the left and then reappears on the left as the view widens. C) This worker moves across the frame and ends up on the far right. D) This worker becomes occluded by the woman in the pink shirt.",B,8290,3,Action and Intent-Driven Spatial Reasoning,Human-Centric,Single-Choice,"[Single-Choice] Based on the workers' consistent alignment with the tilled furrows and their shared direction of work, what is the primary spatial objective of their collective action? [Options] A) To create new furrows perpendicular to the existing ones. B) To progressively cultivate the soil along the parallel furrows. C) To gather in the center of the field. D) To randomly till patches of soil across the entire field.",B,yes,yes,38f4f5ee2898bd75b6f1ba9ec83126dcfd1bf177cc5982461d2438394e74ce30
pair-dvi-100-p01,pair-dvi-100,dynamic_vs_intent,uE5UW9-JBkQ_17_0_02_47_566_to_0_02_58_433.mp4,5424,2,Dynamic Spatial Relationships,Human-Centric,True/False,[True/False] The white house that is visible on the right side of the road at the beginning of the video is on the left side of the road from the rider's perspective at the end of the video.,True,713,3,Action and Intent-Driven Spatial Reasoning,Human-Centric,Single-Choice,[Single-Choice] The rider slows the motorcycle and executes a sharp turn. What is the immediate spatial goal of this maneuver? [Options] A) To park on the right shoulder of the road. B) To reverse the direction of travel on the same road. C) To avoid an obstacle that has appeared in the center of the road. D) To turn left onto an intersecting driveway.,B,no,yes,3dcc2568c187039d2da92d11477bdaeddce5650e1e26bf206b8e4c01d7d63d07
pair-dvi-108-p01,pair-dvi-108,dynamic_vs_intent,NWLjE_iO9EM_22_0_03_13_193_to_0_03_28_541.mp4,1137,2,Dynamic Spatial Relationships,Human-Centric,Single-Choice,"[Single-Choice] After the camera car completes its turn, what is the final spatial relationship between it and the silver car?
[Options] A) The silver car is directly behind the camera car.
B) The silver car is positioned in front of the camera car.
C) The silver car is to the left of the camera car.
D) The silver car remains stationary at the intersection.",D,1136,3,Action and Intent-Driven Spatial Reasoning,Human-Centric,Single-Choice,"[Single-Choice] Based on the direction the car turns after passing the green road sign, which of the listed destinations is on its intended route?
[Options] A) Amargosa Valley
B) Las Vegas
C) Baker
D) A destination not listed on the sign",D,yes,yes,58f79eb7f6ca611bb6f589a836ae4e0e58b35aadafc1b46bae88fc811accc3a9
pair-dvi-112-p01,pair-dvi-112,dynamic_vs_intent,jj6U-NZt5Ao_47_0_07_38_425_to_0_07_54_981.mp4,7212,2,Dynamic Spatial Relationships,Human-Centric,Single-Choice,"[Single-Choice] During the camera's continuous rightward pan across the beach, in what sequence are these three features fully revealed to the viewer? [Options] A) The concrete pier, the main beach area with white umbrellas, the wooden walkway. B) The main beach area with white umbrellas, the concrete pier, the wooden walkway. C) The wooden walkway, the concrete pier, the main beach area with white umbrellas. D) The concrete pier, the wooden walkway, the main beach area with white umbrellas.",A,7211,3,Action and Intent-Driven Spatial Reasoning,Human-Centric,Single-Choice,"[Single-Choice] Observing the arrangement of the white umbrellas and lounge chairs on the sand, what is the most likely purpose of this spatial organization? [Options] A) To create private, secluded areas for a few visitors. B) To maximize the number of rental spots for a commercial beach operation. C) To provide temporary shelter for fishing equipment. D) To mark pathways for accessing the water.",B,yes,yes,bcf38da1fbfc1c6b001aed7c4a974ad963383b83c724dcd03a2b34feecd0baa1
pair-dvi-118-p01,pair-dvi-118,dynamic_vs_intent,jxhR1Ci3grE_80_0_16_25_233_to_0_16_41_233.mp4,7129,2,Dynamic Spatial Relationships,Human-Centric,Single-Choice,[Single-Choice] Which statement best describes the change in the spatial relationship among the potato pieces as they are moved from the cutting board to the pan? [Options] A) They move from a scattered arrangement to a tightly packed pile. B) They move from a single line to a circular pattern. C) They move from a clustered group to a more dispersed arrangement. D) They are individually placed one by one in a grid.,C,8747,3,Action and Intent-Driven Spatial Reasoning,Human-Centric,True/False,[True/False] The person's primary action is to transfer the potatoes from a temporary preparation surface to the final cooking surface.,True,no,yes,7add6043ae6830595701fe5f688412c7ff896884b12b3d78ef58fb4136e0b480
pair-dvi-122-p01,pair-dvi-122,dynamic_vs_intent,iZERK_7x5g0_4_0_01_58_384_to_0_02_11_064.mp4,6249,2,Dynamic Spatial Relationships,Human-Centric,Fill-in-the-Blank,"[Fill-in-the-Blank] As the camera moves from its starting position towards the man in the blue shirt, the two bicycles parked outside the shop move from the center of the camera's view towards the ____ side of the frame.",right,7539,3,Action and Intent-Driven Spatial Reasoning,Human-Centric,Single-Choice,"[Single-Choice] Based on the man's final position in the entrance of the building and his direct engagement with the camera, what is his most likely immediate purpose? [Options] A) Exiting the shop after making a purchase. B) Blocking the entrance to prevent entry. C) Welcoming someone into the shop for a discussion or interview. D) Waiting for a friend in the parking lot.",C,no,yes,748b2fe57fa76e14a96ef6ff6a470839a1237cb818d39eb9b6ad8628ba5c2836
pair-dvi-127-p01,pair-dvi-127,dynamic_vs_intent,mvOPHSbuIpg_15_0_02_42_295_to_0_03_09_522.mp4,5718,2,Dynamic Spatial Relationships,Human-Centric,Single-Choice,"[Single-Choice] As the runner in the far-right lane (wearing a black top) lands after clearing the fourth hurdle, what is the position of the runner in the blue and white uniform? [Options] A) She is directly alongside the lead runner. B) She is airborne over the fourth hurdle. C) She has already landed after clearing the fourth hurdle. D) She is approaching the fourth hurdle.",C,9557,3,Action and Intent-Driven Spatial Reasoning,Human-Centric,True/False,"[True/False] Throughout the race, the runner in the blue and white uniform consistently maintains a position directly behind the lead runner in the same lane.",False,no,yes,3c7ba1b36a1f548b44cc66bfdeb7c8ad8196533d785c596b126f6ce4a5ce8b3d
pair-dvi-136-p01,pair-dvi-136,dynamic_vs_intent,Yh13l47ibVs_56_0_08_53_132_to_0_09_09_615.mp4,3845,2,Dynamic Spatial Relationships,Human-Centric,True/False,"[True/False] As the front wheel of the motorcycle lifts off the ground, the yellow dividing line on the road appears to move from the center of the visual field toward the bottom.",True,3844,3,Action and Intent-Driven Spatial Reasoning,Human-Centric,Single-Choice,"[Single-Choice] To initiate the upward tilt of the motorcycle, what is the primary action the rider takes with their left hand? [Options] A) They pull the red lever towards the handlebar. B) They push the red button on the control cluster. C) They twist the handlebar grip away from them. D) They press the small black switch forward.",A,no,yes,7d1863910c8ec21114687f7d2fbdf6add1be03ab0ac55191675732ac5d7150bc
pair-tvp-002-p01,pair-tvp-002,tracking_vs_prediction,cz2_0OgZRHY_3_0_00_13_713_to_0_00_28_228.mp4,1473,2,Dynamic Spatial Relationships,Human-Centric,Single-Choice,"[Single-Choice] Immediately before the lead car begins to swerve left, where is the oncoming car located? [Options] A) It has already passed the lead car. B) It is directly parallel to the lead car. C) It is approaching and is roughly parallel with the two trees on the left. D) It is not yet visible.",C,78,4,Predictive and Counterfactual Spatial Reasoning,Human-Centric,True/False,"[True/False] If the motorcycle rider had maintained their course and speed without braking or swerving, their trajectory would have led them directly into the colliding vehicles.",True,no,yes,0743404bda950811b16aca74c31fb24177da7c888d623d6712834384192629a1
pair-tvp-011-p01,pair-tvp-011,tracking_vs_prediction,jw3jWYOFwMs_1_0_00_22_787_to_0_00_46_209.mp4,6137,2,Dynamic Spatial Relationships,Human-Centric,Fill-in-the-Blank,"[Fill-in-the-Blank] After the silver minivan overtakes the motorcycle, the longitudinal distance between the two vehicles progressively ____.",increases,7143,4,Predictive and Counterfactual Spatial Reasoning,Human-Centric,Single-Choice,"[Single-Choice] At the end of the video, the silver minivan is in the left lane and the white car is in the center lane, both waiting at the intersection. If the light were to turn green, what is the most probable immediate spatial action for both vehicles? [Options] A) The silver minivan will turn right in front of the white car. B) The white car will reverse to let the motorcycle pass. C) Both vehicles will accelerate and proceed forward in their respective lanes. D) The silver minivan will remain stationary while the white car turns left.",C,no,yes,af9e456531f30d9a04d98499b0039b0e7dc5593fe09c372b8bf656ce4b63f5ac
pair-tvp-023-p01,pair-tvp-023,tracking_vs_prediction,Kmuj9dKSbUY_23_0_04_59_800_to_0_05_12_633.mp4,1828,2,Dynamic Spatial Relationships,Object-Centric,Single-Choice,"[Single-Choice] Based on the interactions between the vehicles, which statement accurately describes their relative speeds? [Options] A) The white van is moving slower than the camera vehicle. B) The red car is moving slower than the camera vehicle. C) The camera vehicle is stationary. D) The red car is moving faster than the camera vehicle.",D,1826,4,Predictive and Counterfactual Spatial Reasoning,Object-Centric,Single-Choice,"[Single-Choice] Based on its trajectory as it begins to overtake, which of the following does the red vehicle move past first? [Options] A) The camera vehicle. B) The brown road sign on the right. C) The utility pole located after the brown sign. D) The dark vehicle parked on the left shoulder.",A,yes,yes,c31ba2cd1d8b7a245001d047dd62db1ab13eedd215872d7128140e50340a9041
pair-tvp-026-p01,pair-tvp-026,tracking_vs_prediction,dhlAKesCZLM_42_0_04_59_098_to_0_05_25_725.mp4,1529,2,Dynamic Spatial Relationships,Human-Centric,True/False,"[True/False] Throughout the man's entire movement sequence on the green, the middle golf ball consistently remains positioned between the other two balls relative to the camera's viewpoint.",True,1530,4,Predictive and Counterfactual Spatial Reasoning,Human-Centric,Single-Choice,"[Single-Choice] If a straight line were drawn on the green connecting the ball furthest from the camera to the ball closest to the camera, where would this line pass in relation to the middle ball? [Options] A) Directly over the middle ball. B) To the left of the middle ball, from the camera's initial perspective. C) To the right of the middle ball, from the camera's initial perspective. D) It is impossible to determine their alignment from the video.",B,no,yes,412681b3250c90584e04499b7cc307c5f3e963f29fa874f0ddc1298b594a2631
pair-tvp-040-p01,pair-tvp-040,tracking_vs_prediction,jxs9pxgjm8c_5_0_01_53_733_to_0_02_25_333.mp4,6134,2,Dynamic Spatial Relationships,Human-Centric,Fill-in-the-Blank,"[Fill-in-the-Blank] Throughout the video, the woman consistently holds the plant so that it is spatially located between her body and the ______.",sink,8746,4,Predictive and Counterfactual Spatial Reasoning,Human-Centric,True/False,"[True/False] Based on the visible volume of the plant's root ball, it appears it would fit back into the green pot with significant empty space remaining around it.",False,no,yes,1cd8fa9f45ae5be103ff1c745743c839b0aef3025a7a5320c98a228d2885d7e4
pair-tvp-059-p01,pair-tvp-059,tracking_vs_prediction,QS9lwh6o52E_33_0_02_36_400_to_0_02_46_960.mp4,1907,2,Dynamic Spatial Relationships,Object-Centric,Single-Choice,"[Single-Choice] During the right-hand turn shown between 0:02 and 0:06, the car's front left wheel travels closest to which colored section of the track's kerbing? [Options] A) The blue and white section. B) The red and white section. C) The solid green runoff area. D) The orange cone.",A,1909,4,Predictive and Counterfactual Spatial Reasoning,Object-Centric,Single-Choice,"[Single-Choice] At the 0:07 mark, the car is exiting a right-hand curve. Based on its visible trajectory, what is the most likely immediate path the car will take? [Options] A) It will drift towards the left side of the track. B) It will continue turning sharply to the right. C) It will immediately start turning left. D) It will drive straight down the middle of the track.",A,yes,yes,90f9f0075ca878f656ef2eaaae545de94a56851d115f04a2e4825863c014425e
pair-tvp-061-p01,pair-tvp-061,tracking_vs_prediction,h4bKXqSS9jE_80_0_08_48_159_to_0_09_11_759.mp4,7928,2,Dynamic Spatial Relationships,Human-Centric,Single-Choice,"[Single-Choice] Between 0:10 and 0:20, the boat completes a turn. During this turn, how does the main sail's position change relative to the boat's centerline? [Options] A) It swings from the boat's left side to its right side. B) It swings from the boat's right side to its left side. C) It remains fixed on the boat's left side. D) It remains fixed over the center of the boat.",A,6350,4,Predictive and Counterfactual Spatial Reasoning,Human-Centric,Fill-in-the-Blank,"[Fill-in-the-Blank] Based on the boat's trajectory in the first three seconds, if it had maintained its course without turning, it would have moved toward the ______ corner of the frame.",top-right,no,yes,6661f235b94df91e25999ee27c1af7a45ecea4df1afdc746337c7a365b4ed470
pair-tvp-069-p01,pair-tvp-069,tracking_vs_prediction,vB_gMb0MIsg_25_0_04_45_500_to_0_04_58_833.mp4,5509,2,Dynamic Spatial Relationships,Human-Centric,Single-Choice,"[Single-Choice] Consider the relative movements of the camera and the group of three women in traditional attire. Which event happens concurrently as the camera moves past this group? [Options] A) The man in the white shirt is crossing from left to right. B) The person in the black shirt begins walking away from the shop. C) The man in the white shirt is already on the left side of the path, ahead of the camera. D) The group of women turns around and walks towards the camera.",C,729,4,Predictive and Counterfactual Spatial Reasoning,Human-Centric,True/False,"[True/False] Based on their initial walking speed and trajectory, if the camera had remained stationary from the start of the video, the group of three women in traditional attire would have eventually walked past the camera's starting position.",False,no,yes,fd1236fb9afc3a0b9e0671eb866c3e4c25a651553cfb3456c9079f8d730a4563
pair-tvp-109-p01,pair-tvp-109,tracking_vs_prediction,j2lWAsigpGk_36_0_07_41_794_to_0_07_53_606.mp4,7406,2,Dynamic Spatial Relationships,Human-Centric,Single-Choice,"[Single-Choice] As the boy runs across the beach, what is the consistent spatial relationship between him and his shadow? [Options] A) The shadow is always directly behind him. B) The shadow is always to his right side. C) The shadow is consistently cast in front of him and to his left. D) The shadow disappears when he runs into the water.",C,7405,4,Predictive and Counterfactual Spatial Reasoning,Human-Centric,Single-Choice,"[Single-Choice] If the boy were to continue running in the straight line established in the last two seconds of the clip, what would be the spatial outcome? [Options] A) He would run directly into the deeper ocean waves. B) He would eventually pass the location of the girl standing in the water. C) He would circle back towards the camera's initial position. D) He would run onto a stretch of sand with no one else visible.",B,yes,yes,23d1d28c0ea95b24d8a6347e374086279762b124c077dec4c32e0d9aae19ba66
pair-tvp-112-p01,pair-tvp-112,tracking_vs_prediction,jljzMDL2crA_5_0_00_59_058_to_0_01_12_505.mp4,6155,2,Dynamic Spatial Relationships,Object-Centric,Fill-in-the-Blank,"[Fill-in-the-Blank] During the maneuver from 0:06 to 0:07, the helicopter's body is oriented nearly vertically, but its main direction of travel relative to the ground is ______.",horizontal,7198,4,Predictive and Counterfactual Spatial Reasoning,Object-Centric,Single-Choice,"[Single-Choice] At 0:04, the helicopter begins a steep dive. If it had maintained this exact trajectory and speed without pulling up, where would it have most likely impacted? [Options] A) In the mowed green grass in the foreground. B) In the taller, un-mowed grass just in front of the trees. C) Directly on top of the treeline. D) Far behind the treeline.",B,no,yes,5c9678d596d7a1d41b5c16ef84dcb96e173d0c75364b362a42f288e53733e759
pair-tvp-128-p01,pair-tvp-128,tracking_vs_prediction,TxyMXwAW9nA_30_0_03_26_973_to_0_03_38_518.mp4,2036,2,Dynamic Spatial Relationships,Human-Centric,True/False,"[True/False] After the first frisbee is placed on the ground, the dog consistently maintains a position that is between the man and that frisbee.",False,2038,4,Predictive and Counterfactual Spatial Reasoning,Human-Centric,Single-Choice,"[Single-Choice] Given the final positions of the man and the two frisbees on the grass, what is the most probable immediate next action involving the dog?
 [Options] A) The man will send the dog back towards the first frisbee that was placed.
B) The man will throw the frisbee in his hand forward, away from the other two.
C) The man will recall the dog to his side to pick up the frisbee in his hand.
D) The dog will independently retrieve the second frisbee that was placed.",A,no,yes,200d6177c361e40613ee6bdf66e4d5c0e358696bfc83d72d5421630da1ba304c
pair-tvp-135-p01,pair-tvp-135,tracking_vs_prediction,pq-vPb21yt0_18_0_02_44_066_to_0_02_59_400.mp4,8672,2,Dynamic Spatial Relationships,Object-Centric,Single-Choice,"[Single-Choice] As the airplane makes its primary turn, what is the apparent motion of the yellow taxiway lines relative to the blue engine in the foreground? [Options] A) They move from the right side of the frame towards the left. B) They move from the left side of the frame towards the right. C) They remain stationary in the center of the frame. D) They move directly towards the viewer.",A,9274,4,Predictive and Counterfactual Spatial Reasoning,Object-Centric,True/False,"[True/False] Based on the curvature of the yellow taxiway lines the plane begins to follow, the aircraft is initiating a turn to its right.",True,no,yes,02ff76b7a5574702762b9cba7c75042cd54cf1d6c78e997d33121cfc0f02b3ac
pair-tvp-136-p01,pair-tvp-136,tracking_vs_prediction,uqHlvFbDTaM_38_0_06_38_798_to_0_06_48_842.mp4,5467,2,Dynamic Spatial Relationships,Object-Centric,Single-Choice,"[Single-Choice] At the moment the car is physically furthest from the camera (around 0:04), which part of the background is most directly in line with the car's front end? [Options] A) The mountains on the right. B) The grandstand building on the left. C) The crowd directly opposite the camera's position. D) The entrance on the far left.",A,9906,4,Predictive and Counterfactual Spatial Reasoning,Object-Centric,True/False,"[True/False] If the car had continued moving along the curved trajectory seen in the final second, it would have impacted the barrier on the left side of the screen.",True,no,yes,69b3438ba11dac4a34c3799072f1d26de7248e9306d8f4e67371985b8e9efaea
pair-tvp-144-p01,pair-tvp-144,tracking_vs_prediction,ppIkW4suSv4_19_0_03_43_523_to_0_03_57_770.mp4,9275,2,Dynamic Spatial Relationships,Human-Centric,True/False,"[True/False] During the entire drifting maneuver shown from 00:03 to 00:13, the front of the car is primarily oriented toward the inside of the circular path it travels.",True,8673,4,Predictive and Counterfactual Spatial Reasoning,Human-Centric,Single-Choice,"[Single-Choice] At the 00:07 mark, if the car were to continue along its current curved trajectory, which background element would it be moving most directly towards in the next moment? [Options] A) The two black dumpsters. B) The line of trees on the left. C) The building on the right. D) The camera's position.",B,no,yes,f4b4db1adb13e25f4981b428018b11fb8d7c511f5f201b57621b8796c0ef2897
pair-tvp-145-p01,pair-tvp-145,tracking_vs_prediction,OJc4Bulq5gs_70_0_11_55_115_to_0_12_11_698.mp4,21,2,Dynamic Spatial Relationships,Human-Centric,Single-Choice,"[Single-Choice] Which option correctly describes the sequence of locations where the person's hand makes physical contact with the tire? [Options] A) The hand only touches the side of the tire. B) The hand touches the top of the tire first, then moves to touch the side. C) The hand touches the side of the tire first, then moves to touch the top. D) The hand touches the wheel rim.",B,1200,4,Predictive and Counterfactual Spatial Reasoning,Human-Centric,Single-Choice,"[Single-Choice] Based on the angle of the front wheel shown, what would be the car's initial direction of movement if it were to drive forward? [Options] A) Straight forward. B) Forward and to the right. C) Forward and to the left. D) Straight backward.",C,yes,yes,f8ed27ab6c04f3637cae45f2636e2cc7ace85a9d8e6e8a2a08db1567ffc84f63
pair-tvp-149-p01,pair-tvp-149,tracking_vs_prediction,i-bFdd_h5n8_15_0_05_27_326_to_0_05_49_716.mp4,8928,2,Dynamic Spatial Relationships,Human-Centric,True/False,"[True/False] Throughout the entire ride shown, the surfer consistently maintains a position ahead of the primary breaking section (the whitewater) of the wave.",True,7666,4,Predictive and Counterfactual Spatial Reasoning,Human-Centric,Single-Choice,"[Single-Choice] Based on the surfer's trajectory and position at the bottom of the wave around 00:07, what is the most probable target location for their next major turn? [Options] A) The flat water far in front of the wave. B) The crest or ""lip"" of the breaking wave. C) The whitewater section far behind them. D) The base of the wave where they are currently positioned.",B,no,yes,483d423284a608a45b8a76d5b4126251f0987603879aff9706627793926a0f4d
