audit_item_id,image_path,image_sha256
audit-0001,archived_workspace/experiments/coverage_audit/work/contact_sheets/pc-0559.jpg,3a2c97310793312c27f2af3e6cdce7269c28c87c18efbb303c13b7bd1267e5f3
audit-0002,archived_workspace/experiments/coverage_audit/work/contact_sheets/pc-0501.jpg,a0fce596699e213b433ee8ad5116040c6131e100c39a0f17dbba8dc1605342c1
audit-0003,archived_workspace/experiments/coverage_audit/work/contact_sheets/pc-0361.jpg,d81b512a77e9ac8d9059f70f54f9cffd150c0df07e55f91ae6e01bcb29f32193
audit-0004,archived_workspace/experiments/coverage_audit/work/contact_sheets/pc-0178.jpg,ccc39bbdf58ac241e4f2732f2009a1139538dc3c97e657f6b9b2eead0d6d2498
audit-0005,archived_workspace/experiments/coverage_audit/work/contact_sheets/pc-0092.jpg,15d0951ebdf4a8e985555e07efdefb4a30b8f2ddd4bc81b131dfad1d9ff4b754
audit-0006,archived_workspace/experiments/coverage_audit/work/contact_sheets/pc-0571.jpg,6b4a334016a1a2a16fe2161a593129330f88c3832c9b9a39de2448636cf2b604
audit-0007,archived_workspace/experiments/coverage_audit/work/contact_sheets/pc-0141.jpg,bf4b66b413f6929a8101ebd8643ec9d392c61d5c8f1b0383e96ce01ab097fa09
audit-0008,archived_workspace/experiments/coverage_audit/work/contact_sheets/pc-0497.jpg,2439c5eb1fac0203fc64d28bebad9ea452b803f3a2d63af35a0fe28feb223a22
audit-0009,archived_workspace/experiments/coverage_audit/work/contact_sheets/pc-0341.jpg,6ab4887ae08642a97d67add3628c03181ea7652996abc1bd8551b117dd16729a
audit-0010,archived_workspace/experiments/coverage_audit/work/contact_sheets/pc-0305.jpg,6427a7f9cf5d01b9745dd9cde738d046ff0b2aaaa57f7942575c2ea17cc4dcb3
audit-0011,archived_workspace/experiments/coverage_audit/work/contact_sheets/pc-0028.jpg,75639c5ea2a1a7d94a16368b3e1ef646d0d50314f550a2bbd8f15aa758432d37
audit-0012,archived_workspace/experiments/coverage_audit/work/contact_sheets/pc-0287.jpg,9fb1a616a16c2f58bbb602d8e61103f99dbe44c8d3f9b356627ea600b52d0296
audit-0013,archived_workspace/experiments/coverage_audit/work/contact_sheets/pc-0014.jpg,553363dd7981ab32ddfd0d3465f2e2097a01623ded3a762bdc473783413b3126
audit-0014,archived_workspace/experiments/coverage_audit/work/contact_sheets/pc-0327.jpg,d125ae07c01b1b8149d101a7f1c790f564493eb65a6eefdec4d357f2a07d25ce
audit-0015,archived_workspace/experiments/coverage_audit/work/contact_sheets/pc-0173.jpg,e8ec31476a2325aa52d1aebe41e3fe04b005b2c293d3e656f9b79e178ab4c84d
audit-0016,archived_workspace/experiments/coverage_audit/work/contact_sheets/pc-0443.jpg,e22dccb787fcf524e63b00b765b80f64e0dcc11a320d6c9d1aa7e1828d327844
audit-0017,archived_workspace/experiments/coverage_audit/work/contact_sheets/pc-0405.jpg,1d4d61308e48f401bb7cf50abcf4c37393887c4ec6f639ad86b135db3b79d38b
audit-0018,archived_workspace/experiments/coverage_audit/work/contact_sheets/pc-0427.jpg,293cb15a5368f44570776bb17c159083a10d09375521efcf7003db43be39ceb9
audit-0019,archived_workspace/experiments/coverage_audit/work/contact_sheets/pc-0280.jpg,7ee191b7a3db6f1d34864b8404ce9d71d68091d48c27b51caa3328f1d86f21eb
audit-0020,archived_workspace/experiments/coverage_audit/work/contact_sheets/pc-0415.jpg,e9b899c44bf33a775166659c11605d709b01b68e9c7d9ac35203bc3fb7cba55e
audit-0021,archived_workspace/experiments/coverage_audit/work/contact_sheets/pc-0579.jpg,b24fcdd9d00711bb4d213ff7bcfd08220f77495109902350d5405cac1604477c
audit-0022,archived_workspace/experiments/coverage_audit/work/contact_sheets/pc-0429.jpg,8cfab34a3508afd85fec4c2a44c8796624801e11a11af7c8dddc475a7aa9f376
audit-0023,archived_workspace/experiments/coverage_audit/work/contact_sheets/pc-0082.jpg,e9456822f00a6e8209c9d45ba91ecf7ffaf9fbb77544ea9fc83bb882ef567c08
audit-0024,archived_workspace/experiments/coverage_audit/work/contact_sheets/pc-0546.jpg,0fbb079a1ef488cf0ba84723846f65cd85c9a5fb435a1a0097d26f112119d031
audit-0025,archived_workspace/experiments/coverage_audit/work/contact_sheets/pc-0053.jpg,f720790a030f3bac1e2c27c9e64807bcde5eb8ef5e6aa31addbf4c54bb4c252b
audit-0026,archived_workspace/experiments/coverage_audit/work/contact_sheets/pc-0589.jpg,8f7820e0bbbdff600854cf38e797f916ce06c57410ff61f59a8eae322174055b
audit-0027,archived_workspace/experiments/coverage_audit/work/contact_sheets/pc-0076.jpg,4490fd488582af545c9148bee8345059b8ae5aa2da0e68ace1cb6c46bf931070
audit-0028,archived_workspace/experiments/coverage_audit/work/contact_sheets/pc-0236.jpg,5e9ca69e36849c9e796263b0443cb7439fad651061c12bdfc638c3eec9e09dc7
audit-0029,archived_workspace/experiments/coverage_audit/work/contact_sheets/pc-0191.jpg,ae133e3f218fe284ca9be7fa0f297aa9f114fbb364885cf3a730491a8d7d6d1f
audit-0030,archived_workspace/experiments/coverage_audit/work/contact_sheets/pc-0535.jpg,ebf0e9143bc81f2116660616d7b67ccd8a99f1e3f1eeb84f29540a5a5bfca087
audit-0031,archived_workspace/experiments/coverage_audit/work/contact_sheets/pc-0318.jpg,ef2ab465ce605bbe38148f16c21fd2f7a2b729efc843eb1aa1f1453a888d7b4e
audit-0032,archived_workspace/experiments/coverage_audit/work/contact_sheets/pc-0393.jpg,51c02a5d32d32698ad04a122ac16cc112759ed2e2beb6e8cbd7112fcb4b3d50e
audit-0033,archived_workspace/experiments/coverage_audit/work/contact_sheets/pc-0167.jpg,b496a7b5c6cbd3ff18d657031c4196d24c84cde064822d9beb566122f2836039
audit-0034,archived_workspace/experiments/coverage_audit/work/contact_sheets/pc-0597.jpg,2a7c9c13731ac66dcca7b872d22e53129acc60ef5e9822a319c02e1301881a60
audit-0035,archived_workspace/experiments/coverage_audit/work/contact_sheets/pc-0125.jpg,243a260d69e4c5c3555f4958e31ea324af535e36544d946a23117becf046c98a
audit-0036,archived_workspace/experiments/coverage_audit/work/contact_sheets/pc-0454.jpg,aa67ca9062278ba337d052ffa6054a6d89e1f989c285bc89cb9e625b76ce3bd9
audit-0037,archived_workspace/experiments/coverage_audit/work/contact_sheets/pc-0129.jpg,065041eb85c68020e0ca41b69a2e44eccab9e660f6d1dfb8ef79aca29fd38530
audit-0038,archived_workspace/experiments/coverage_audit/work/contact_sheets/pc-0282.jpg,f2c34b770ba82317d89ef98562fe15ca6ac00b5af58928f1f67f86ede42c6f87
audit-0039,archived_workspace/experiments/coverage_audit/work/contact_sheets/pc-0112.jpg,c5110a02325827ba9b06b5860eea7da56487303f1d05570c328e169e4d3b9041
audit-0040,archived_workspace/experiments/coverage_audit/work/contact_sheets/pc-0007.jpg,8c4a3058ab52775e980dcd96f1b43cb237e2d44067473f22eadcfb917419788e
audit-0041,archived_workspace/experiments/coverage_audit/work/contact_sheets/pc-0304.jpg,b98cc55ec9a35be20f8de53f8837859d76be209514a1042849ad03ff545056ab
audit-0042,archived_workspace/experiments/coverage_audit/work/contact_sheets/pc-0326.jpg,7358a2b707ee15f6ddeefce426f4dcede1bc2e1059367ebcead5366afc39c8da
audit-0043,archived_workspace/experiments/coverage_audit/work/contact_sheets/pc-0183.jpg,e2dfcd065a16280fafc2996f2407105ace4f2299501fb16509ee330201dbf37a
audit-0044,archived_workspace/experiments/coverage_audit/work/contact_sheets/pc-0097.jpg,28e3b9105a8e15b549d098e18af99dca0913cf4519c7baa2e369720f1219ab61
audit-0045,archived_workspace/experiments/coverage_audit/work/contact_sheets/pc-0520.jpg,a7cb22e974aa1240c4cf83318aa5a530e2afad9ed7ec26008702670b71f5815c
audit-0046,archived_workspace/experiments/coverage_audit/work/contact_sheets/pc-0422.jpg,91a7b34b12a5d0045d1c05661c6ef7c6e5847e219d3ecd091e1652a12840a46a
audit-0047,archived_workspace/experiments/coverage_audit/work/contact_sheets/pc-0179.jpg,b793b5026e7551aaeb4fb48964d447ab99cd31076c307a15c19945993256116e
audit-0048,archived_workspace/experiments/coverage_audit/work/contact_sheets/pc-0102.jpg,d5773bd3123d424f0dd1eb33359b5c04a328889a8dd36927937bfec1ed3dec7c
audit-0049,archived_workspace/experiments/coverage_audit/work/contact_sheets/pc-0474.jpg,b27fcf0945c86023249c5ad5804bf18d215f05af9ca1104f05f9eedaab8f13e5
audit-0050,archived_workspace/experiments/coverage_audit/work/contact_sheets/pc-0292.jpg,c92c7ef2c8ce7477fa7624a1601f3312d4ea8e6619a06820a38f3439e57dd056
audit-0051,archived_workspace/experiments/coverage_audit/work/contact_sheets/pc-0288.jpg,6c10a80cb10fdb9fb257e6c33a61b169486ba4bd72621e79f676f9f05eb5dae7
audit-0052,archived_workspace/experiments/coverage_audit/work/contact_sheets/pc-0231.jpg,06bcedc258a5553d6c152815267fdfb0b6a97d77bdf9393c62834f14b3476eec
audit-0053,archived_workspace/experiments/coverage_audit/work/contact_sheets/pc-0569.jpg,50b578e8334e1dbdeea8672d3131aef619790a14c1da741a34497b9cb6328097
audit-0054,archived_workspace/experiments/coverage_audit/work/contact_sheets/pc-0033.jpg,b0a4e25f2deb39cff9bff35b0d093c1d42eec0d9acdcbd6091c28d82193d7a26
audit-0055,archived_workspace/experiments/coverage_audit/work/contact_sheets/pc-0048.jpg,f6036541fe6c23c2ef47e365faabfdcd58618e133a31bf668689c3059560630b
audit-0056,archived_workspace/experiments/coverage_audit/work/contact_sheets/pc-0400.jpg,907c7250f14a0f830578fbe206e49fc34b8f60848cc6efe4888bbda000e972b6
audit-0057,archived_workspace/experiments/coverage_audit/work/contact_sheets/pc-0212.jpg,a600fc55164d530502022adf5e85ab72770062400c6a79101ca545cf5bb98af3
audit-0058,archived_workspace/experiments/coverage_audit/work/contact_sheets/pc-0502.jpg,7c539935fa922ff91eac00e4f2b2a2538172be4189edf08ccba297e1212ecfe0
audit-0059,archived_workspace/experiments/coverage_audit/work/contact_sheets/pc-0289.jpg,a327d7108094b80c74828f51ab5d3850eb04b9c9af84161c7c0b4b517d306d5c
audit-0060,archived_workspace/experiments/coverage_audit/work/contact_sheets/pc-0242.jpg,289ccdb17010dc039e661fba3be8855498ea0c3773c22e6c698d310c257020f6
audit-0061,archived_workspace/experiments/coverage_audit/work/contact_sheets/pc-0362.jpg,13229886038435efdc96c2ec481f517504b531bbc8f70cf86c246cf13a95fa1f
audit-0062,archived_workspace/experiments/coverage_audit/work/contact_sheets/pc-0025.jpg,df9fd5aeac1efdc001008cd3bccc3400d158a2daad1a44c4457382a5e0185625
audit-0063,archived_workspace/experiments/coverage_audit/work/contact_sheets/pc-0131.jpg,ab575729bfbd4ae728e4eea007204e74517872ac08979d860b7844f1ac050828
audit-0064,archived_workspace/experiments/coverage_audit/work/contact_sheets/pc-0404.jpg,fdea969065dbd29b0207b6a0923939520775bc625c3b3c0b0ba6fc0c6d03c4de
audit-0065,archived_workspace/experiments/coverage_audit/work/contact_sheets/pc-0223.jpg,a22c3f1e1779037f913feb48b4c47cf11493b9291b04e80b63cb9169b3ca5947
audit-0066,archived_workspace/experiments/coverage_audit/work/contact_sheets/pc-0227.jpg,8397c15ab4b7724f662b38b9d75e8afcb8c76da49a3249b947a32e63880f2257
audit-0067,archived_workspace/experiments/coverage_audit/work/contact_sheets/pc-0323.jpg,f71ca9668d3ad65912af87477018bba12d8c13d891036b86c0db86eda58a7138
audit-0068,archived_workspace/experiments/coverage_audit/work/contact_sheets/pc-0293.jpg,acf7fc7699e038b8e1812776d1dd37ad3003696f9ee05dd2b0ba6c00b8b84313
audit-0069,archived_workspace/experiments/coverage_audit/work/contact_sheets/pc-0069.jpg,926d68ea845f963f414db3985084763ac75c357840da1a92c0769e052fb87202
audit-0070,archived_workspace/experiments/coverage_audit/work/contact_sheets/pc-0090.jpg,b741e05bf82d4cdea2379cd001aebda3fe32ce04741a4dd31111f7d95387e19b
audit-0071,archived_workspace/experiments/coverage_audit/work/contact_sheets/pc-0190.jpg,200771092be69e058adb6c78a333489f9968ffea8f21dd233d25a711d5eed2a2
audit-0072,archived_workspace/experiments/coverage_audit/work/contact_sheets/pc-0539.jpg,dcd9d1c3b07e0b12915d8147bbc02383c6adc49424815e4fd0ff5b439fe2c120
audit-0073,archived_workspace/experiments/coverage_audit/work/contact_sheets/pc-0591.jpg,34e7102fba12d91d72a401528907325b5879114e24c9e010120e5936bd3203c6
audit-0074,archived_workspace/experiments/coverage_audit/work/contact_sheets/pc-0195.jpg,63d63e7d3b70fdd32d5ba8ca829fe88f0f99fbe45d6f9f8694df8233e66716eb
audit-0075,archived_workspace/experiments/coverage_audit/work/contact_sheets/pc-0086.jpg,0fbee8d98ba61ffc26b292363f16642caea06b1a0eee31813210b144cad1a331
audit-0076,archived_workspace/experiments/coverage_audit/work/contact_sheets/pc-0262.jpg,b0584f3e0c4ad8fd315a55173fd05054847ad308e2e2f3b1f596bc1e18b15bec
audit-0077,archived_workspace/experiments/coverage_audit/work/contact_sheets/pc-0423.jpg,ffb05cba77673c5ebae82a792712ab95826db7a95bd3d2e3f0f26665a9f52e01
audit-0078,archived_workspace/experiments/coverage_audit/work/contact_sheets/pc-0368.jpg,6fcb15283a36957e3265d1804a059108c0b7a598dad4b565ee386223c493e627
audit-0079,archived_workspace/experiments/coverage_audit/work/contact_sheets/pc-0419.jpg,65ec0ceceb586f4b0e7dde232d6d8a070e0457800d8bdc49a4ce112ca71c651b
audit-0080,archived_workspace/experiments/coverage_audit/work/contact_sheets/pc-0481.jpg,997d3ba0f84c4bad788fb22079052be8fb0c39c7cccf819d94ccbbd555220656
audit-0081,archived_workspace/experiments/coverage_audit/work/contact_sheets/pc-0420.jpg,cd428f8b708a34b6c11c63fc7779c79751f4ff2b3fdf52e039247e288f5844bf
audit-0082,archived_workspace/experiments/coverage_audit/work/contact_sheets/pc-0224.jpg,8f4b40705a788f27367baa8b892c9412c0fed749f678f582fae6c92a1412de5e
audit-0083,archived_workspace/experiments/coverage_audit/work/contact_sheets/pc-0215.jpg,94e45396498ad812d6495d468349e8890b73bd18a481cddc9410423350f860c0
audit-0084,archived_workspace/experiments/coverage_audit/work/contact_sheets/pc-0358.jpg,b1d46d0ac7d47fbcf2960876c64c66b7f661a2e5fe6582c880f2394208965940
audit-0085,archived_workspace/experiments/coverage_audit/work/contact_sheets/pc-0177.jpg,28564103ec99cd8d51740d74bdf523d785149e1fc50dbb307d9852bb3b3b0613
audit-0086,archived_workspace/experiments/coverage_audit/work/contact_sheets/pc-0111.jpg,afc34c68c59ff0da2a99037c08cba9fcfc5fcded78058528a7f5a82878de145d
audit-0087,archived_workspace/experiments/coverage_audit/work/contact_sheets/pc-0347.jpg,60e6fd60ecef4222df30939ab4f3d7ad84d4de55dc32bc1e32d75c84558ec376
audit-0088,archived_workspace/experiments/coverage_audit/work/contact_sheets/pc-0049.jpg,182d32fa36ab66d325d1a239fcab863e8eb8a71b640feb3dda9e3810db42e240
audit-0089,archived_workspace/experiments/coverage_audit/work/contact_sheets/pc-0445.jpg,e07b280df6c4f05cde1260290f6645479c04883f567121bb4c90b123d3e5c735
audit-0090,archived_workspace/experiments/coverage_audit/work/contact_sheets/pc-0390.jpg,2c4c199c454a1ea86e5b76a864cc7ea63189cd14795402aa20b596284a5c84b8
audit-0091,archived_workspace/experiments/coverage_audit/work/contact_sheets/pc-0246.jpg,0abea54672e9a145ad04b8b570dbdfebedc870b980d0885c67fc3fef5ae99396
audit-0092,archived_workspace/experiments/coverage_audit/work/contact_sheets/pc-0355.jpg,793507b06d2bceacb69b91825d37bb63d81438dfe63f94f35d3a8d401f2b3cb8
audit-0093,archived_workspace/experiments/coverage_audit/work/contact_sheets/pc-0145.jpg,71cc50a5ed607e6d02a8feacfacacb8d14bbd27f84a2592162bdabf6692b79bd
audit-0094,archived_workspace/experiments/coverage_audit/work/contact_sheets/pc-0561.jpg,86be888c43a7e925acf487ad69e1adbdcf6dd3000128fc99b84fd83f50eed17e
audit-0095,archived_workspace/experiments/coverage_audit/work/contact_sheets/pc-0130.jpg,258081d393b30047cfb01f195e8697550ef5b8c4deae1eef75eecf0ba4b0ac25
audit-0096,archived_workspace/experiments/coverage_audit/work/contact_sheets/pc-0232.jpg,d9ad1c69d5f2b99c1fa534ed7276c7e956b812297ae747ef69a9d669510793bb
audit-0097,archived_workspace/experiments/coverage_audit/work/contact_sheets/pc-0562.jpg,b886faa9ecc0d1f9102feee4bea3dc6026af139814a65d9c64f1b9a50e7c2804
audit-0098,archived_workspace/experiments/coverage_audit/work/contact_sheets/pc-0113.jpg,c60dcc6ecf018db7586209d08c358fed354ba2e95650fa164d50d5929f32e3d3
audit-0099,archived_workspace/experiments/coverage_audit/work/contact_sheets/pc-0085.jpg,57a4c2b8225f8bad52179c3fce160bd3f4d98611167615f9fae44d2e96807124
audit-0100,archived_workspace/experiments/coverage_audit/work/contact_sheets/pc-0046.jpg,75e61879a810546ddc61f86515704583ee005f2d5b434a408eb9f5a531b78320
audit-0101,archived_workspace/experiments/coverage_audit/work/contact_sheets/pc-0109.jpg,abf8e639f1667061ae788bc476e69f30601188aa11ea88442cf76d226d8e6d0f
audit-0102,archived_workspace/experiments/coverage_audit/work/contact_sheets/pc-0350.jpg,0e175c659d9e016c0bc96163e7eac4cbcc17a20a7d087f9bfb305cecc5cb28c9
audit-0103,archived_workspace/experiments/coverage_audit/work/contact_sheets/pc-0590.jpg,d918532397eeea42bdca2b4dc9fd86e7919beeb72878ecb3583a902dbe954966
audit-0104,archived_workspace/experiments/coverage_audit/work/contact_sheets/pc-0431.jpg,c268d7f3d6a0a8d0a29b4e61b07641b2e2d1ea7a2453db9aadec289d2787a4ef
audit-0105,archived_workspace/experiments/coverage_audit/work/contact_sheets/pc-0253.jpg,1c4f3d250e917c43a8550fa0f4ce3afed8042fc4fe2266fc597da88196942bd7
audit-0106,archived_workspace/experiments/coverage_audit/work/contact_sheets/pc-0592.jpg,ca312e34be5fe65f55fd6039e982e2566bcee8972125b444b6f7e83077f71cd7
audit-0107,archived_workspace/experiments/coverage_audit/work/contact_sheets/pc-0469.jpg,dd853935756e5ba262a6aecda468f9c8742ff2fbda9b241a9070936294b6d104
audit-0108,archived_workspace/experiments/coverage_audit/work/contact_sheets/pc-0057.jpg,d1c6ab5383bbb5ddbb7284535c0cd51756874d4b5c4c41d774845be424e71b90
audit-0109,archived_workspace/experiments/coverage_audit/work/contact_sheets/pc-0203.jpg,4a932ae541ea0a424892864cb8a1c0e2dd5034ce50be16f7dbd2cb2c1fecc152
audit-0110,archived_workspace/experiments/coverage_audit/work/contact_sheets/pc-0476.jpg,cf0b2121e9b42c391b44a8979dc6b9d6ea0fa33fcd3e441656f0710ab7a26c5e
audit-0111,archived_workspace/experiments/coverage_audit/work/contact_sheets/pc-0343.jpg,43edfbc41f78ba50f2cb799bdea7da4187d2d6bc1a280ca15663cc05d4f4ba78
audit-0112,archived_workspace/experiments/coverage_audit/work/contact_sheets/pc-0426.jpg,dbbd2b1455b4bfa267dbff99dac2b68f815202cd466e6cae49a6d83c30d2ab66
audit-0113,archived_workspace/experiments/coverage_audit/work/contact_sheets/pc-0094.jpg,ab7004d32a380bd2df13935de4668a6b6c7ad336b592834cffa2005e2d938f76
audit-0114,archived_workspace/experiments/coverage_audit/work/contact_sheets/pc-0043.jpg,6a54c93dea3c87251742e739aeb5a32404c3d7d624a06f7d7c1609476994fe3e
audit-0115,archived_workspace/experiments/coverage_audit/work/contact_sheets/pc-0458.jpg,38d5c5a3901e9a6931a8b76884c5d6b338c7307cdc255d1a4ecbf0d807a58264
audit-0116,archived_workspace/experiments/coverage_audit/work/contact_sheets/pc-0325.jpg,2bdfe1684b9b2b7ae9014e1411981c7dddf30791452512d68b044c825a60fe41
audit-0117,archived_workspace/experiments/coverage_audit/work/contact_sheets/pc-0378.jpg,0afaa907dfecbfbbad1fc5663e00c09387415f25d8e21d7ac0905ca4660f497f
audit-0118,archived_workspace/experiments/coverage_audit/work/contact_sheets/pc-0525.jpg,7bef4dedf667c596b76e2c6450988756643a39fc6873b484c3f7a0dd12020e91
audit-0119,archived_workspace/experiments/coverage_audit/work/contact_sheets/pc-0511.jpg,18f5ab52d7b3261b2aa6f1d044061000121de05446f19f0b2d5810cd54b54291
audit-0120,archived_workspace/experiments/coverage_audit/work/contact_sheets/pc-0577.jpg,cf4c5b744560b63d012ffd11ecb1cef02fe85cd6464a9bb9c4c3b6c99b1e44d6
