scope_item_id,author_id,audit_item_id,proposal_no
scope-0001,author_a,audit-0023,3
scope-0002,author_a,audit-0084,2
scope-0003,author_a,audit-0106,1
scope-0004,author_b,audit-0048,2
scope-0005,author_b,audit-0033,2
scope-0006,author_b,audit-0071,1
scope-0007,author_b,audit-0101,3
scope-0008,author_a,audit-0023,1
scope-0009,author_a,audit-0097,3
scope-0010,author_a,audit-0031,1
scope-0011,author_b,audit-0011,2
scope-0012,author_a,audit-0014,1
scope-0013,author_b,audit-0117,1
scope-0014,author_b,audit-0067,1
scope-0015,author_b,audit-0101,1
scope-0016,author_a,audit-0055,1
scope-0017,author_a,audit-0017,3
scope-0018,author_b,audit-0053,3
scope-0019,author_a,audit-0043,3
scope-0020,author_a,audit-0102,2
scope-0021,author_b,audit-0077,1
scope-0022,author_b,audit-0036,2
scope-0023,author_b,audit-0044,2
scope-0024,author_b,audit-0059,1
scope-0025,author_a,audit-0009,3
scope-0026,author_a,audit-0096,1
scope-0027,author_a,audit-0096,2
scope-0028,author_a,audit-0076,1
scope-0029,author_b,audit-0004,3
scope-0030,author_b,audit-0107,3
scope-0031,author_a,audit-0017,2
scope-0032,author_a,audit-0049,1
scope-0033,author_b,audit-0084,3
scope-0034,author_b,audit-0070,2
scope-0035,author_a,audit-0055,3
scope-0036,author_a,audit-0104,1
scope-0037,author_b,audit-0105,1
scope-0038,author_a,audit-0071,3
scope-0039,author_b,audit-0038,2
scope-0040,author_b,audit-0078,2
scope-0041,author_b,audit-0047,1
scope-0042,author_b,audit-0025,2
scope-0043,author_b,audit-0099,2
scope-0044,author_b,audit-0081,3
scope-0045,author_b,audit-0076,2
scope-0046,author_b,audit-0013,1
scope-0047,author_a,audit-0046,3
scope-0048,author_b,audit-0066,2
scope-0049,author_b,audit-0039,3
scope-0050,author_b,audit-0111,1
scope-0051,author_b,audit-0026,3
scope-0052,author_b,audit-0074,3
scope-0053,author_b,audit-0108,3
scope-0054,author_b,audit-0034,1
scope-0055,author_b,audit-0021,1
scope-0056,author_b,audit-0102,1
scope-0057,author_b,audit-0027,1
scope-0058,author_b,audit-0056,1
scope-0059,author_a,audit-0061,1
scope-0060,author_b,audit-0062,2
scope-0061,author_a,audit-0044,2
scope-0062,author_b,audit-0051,1
scope-0063,author_a,audit-0117,1
scope-0064,author_a,audit-0048,3
scope-0065,author_a,audit-0082,3
scope-0066,author_b,audit-0079,3
scope-0067,author_b,audit-0038,1
scope-0068,author_a,audit-0104,2
scope-0069,author_b,audit-0086,1
scope-0070,author_b,audit-0084,1
scope-0071,author_b,audit-0010,1
scope-0072,author_a,audit-0107,3
scope-0073,author_a,audit-0086,1
scope-0074,author_a,audit-0001,2
scope-0075,author_b,audit-0037,2
scope-0076,author_a,audit-0043,2
scope-0077,author_b,audit-0003,3
scope-0078,author_a,audit-0100,2
scope-0079,author_a,audit-0031,3
scope-0080,author_b,audit-0119,1
scope-0081,author_a,audit-0114,3
scope-0082,author_a,audit-0080,1
scope-0083,author_b,audit-0108,1
scope-0084,author_b,audit-0060,3
scope-0085,author_b,audit-0019,2
scope-0086,author_a,audit-0057,2
scope-0087,author_b,audit-0019,1
scope-0088,author_a,audit-0118,1
scope-0089,author_b,audit-0057,3
scope-0090,author_b,audit-0063,1
scope-0091,author_a,audit-0110,3
scope-0092,author_b,audit-0011,1
scope-0093,author_a,audit-0025,2
scope-0094,author_b,audit-0095,2
scope-0095,author_b,audit-0095,3
scope-0096,author_b,audit-0054,2
scope-0097,author_b,audit-0006,3
scope-0098,author_a,audit-0064,2
scope-0099,author_a,audit-0042,3
scope-0100,author_b,audit-0055,3
scope-0101,author_a,audit-0091,2
scope-0102,author_b,audit-0086,3
scope-0103,author_a,audit-0113,1
scope-0104,author_a,audit-0044,1
scope-0105,author_a,audit-0111,2
scope-0106,author_b,audit-0085,1
scope-0107,author_a,audit-0065,1
scope-0108,author_a,audit-0117,3
scope-0109,author_b,audit-0034,3
scope-0110,author_b,audit-0118,1
scope-0111,author_a,audit-0003,2
scope-0112,author_b,audit-0036,3
scope-0113,author_b,audit-0023,2
scope-0114,author_a,audit-0015,1
scope-0115,author_a,audit-0026,2
scope-0116,author_b,audit-0075,3
scope-0117,author_a,audit-0032,2
scope-0118,author_a,audit-0056,2
scope-0119,author_b,audit-0013,3
scope-0120,author_a,audit-0098,3
scope-0121,author_a,audit-0106,2
scope-0122,author_b,audit-0063,2
scope-0123,author_b,audit-0100,3
scope-0124,author_b,audit-0120,3
scope-0125,author_b,audit-0082,1
scope-0126,author_b,audit-0007,1
scope-0127,author_a,audit-0064,1
scope-0128,author_a,audit-0018,3
scope-0129,author_b,audit-0040,1
scope-0130,author_b,audit-0058,3
scope-0131,author_b,audit-0096,1
scope-0132,author_b,audit-0020,3
scope-0133,author_a,audit-0038,1
scope-0134,author_b,audit-0020,1
scope-0135,author_a,audit-0118,3
scope-0136,author_a,audit-0072,3
scope-0137,author_a,audit-0061,3
scope-0138,author_a,audit-0018,1
scope-0139,author_a,audit-0011,3
scope-0140,author_b,audit-0008,3
scope-0141,author_a,audit-0073,2
scope-0142,author_a,audit-0060,2
scope-0143,author_b,audit-0002,3
scope-0144,author_b,audit-0065,1
scope-0145,author_b,audit-0043,1
scope-0146,author_a,audit-0067,1
scope-0147,author_a,audit-0004,2
scope-0148,author_b,audit-0006,1
scope-0149,author_b,audit-0068,3
scope-0150,author_a,audit-0013,2
scope-0151,author_b,audit-0119,3
scope-0152,author_b,audit-0060,2
scope-0153,author_b,audit-0026,2
scope-0154,author_b,audit-0112,3
scope-0155,author_a,audit-0074,3
scope-0156,author_a,audit-0072,1
scope-0157,author_b,audit-0072,3
scope-0158,author_a,audit-0110,1
scope-0159,author_b,audit-0083,2
scope-0160,author_b,audit-0057,1
scope-0161,author_b,audit-0078,1
scope-0162,author_b,audit-0037,3
scope-0163,author_b,audit-0052,2
scope-0164,author_a,audit-0011,2
scope-0165,author_a,audit-0094,3
scope-0166,author_a,audit-0085,1
scope-0167,author_b,audit-0057,2
scope-0168,author_b,audit-0038,3
scope-0169,author_a,audit-0079,1
scope-0170,author_b,audit-0081,2
scope-0171,author_a,audit-0048,2
scope-0172,author_b,audit-0115,2
scope-0173,author_b,audit-0044,1
scope-0174,author_b,audit-0022,1
scope-0175,author_b,audit-0032,3
scope-0176,author_b,audit-0005,2
scope-0177,author_b,audit-0005,1
scope-0178,author_a,audit-0064,3
scope-0179,author_a,audit-0054,2
scope-0180,author_a,audit-0103,3
scope-0181,author_b,audit-0045,3
scope-0182,author_b,audit-0012,2
scope-0183,author_a,audit-0116,1
scope-0184,author_a,audit-0099,3
scope-0185,author_a,audit-0006,1
scope-0186,author_b,audit-0050,1
scope-0187,author_a,audit-0059,1
scope-0188,author_b,audit-0105,3
scope-0189,author_a,audit-0099,1
scope-0190,author_b,audit-0031,3
scope-0191,author_b,audit-0118,2
scope-0192,author_a,audit-0085,2
scope-0193,author_b,audit-0032,2
scope-0194,author_b,audit-0060,1
scope-0195,author_b,audit-0028,2
scope-0196,author_b,audit-0089,2
scope-0197,author_a,audit-0005,2
scope-0198,author_a,audit-0056,1
scope-0199,author_b,audit-0010,2
scope-0200,author_b,audit-0064,3
scope-0201,author_b,audit-0085,2
scope-0202,author_b,audit-0087,2
scope-0203,author_b,audit-0046,2
scope-0204,author_a,audit-0070,3
scope-0205,author_a,audit-0077,1
scope-0206,author_b,audit-0001,2
scope-0207,author_a,audit-0080,3
scope-0208,author_a,audit-0057,3
scope-0209,author_a,audit-0090,2
scope-0210,author_b,audit-0090,3
scope-0211,author_a,audit-0048,1
scope-0212,author_a,audit-0053,2
scope-0213,author_b,audit-0061,2
scope-0214,author_a,audit-0022,2
scope-0215,author_b,audit-0079,1
scope-0216,author_b,audit-0110,1
scope-0217,author_a,audit-0096,3
scope-0218,author_a,audit-0087,3
scope-0219,author_a,audit-0020,3
scope-0220,author_b,audit-0095,1
scope-0221,author_b,audit-0002,1
scope-0222,author_b,audit-0029,1
scope-0223,author_b,audit-0046,3
scope-0224,author_b,audit-0093,2
scope-0225,author_a,audit-0039,3
scope-0226,author_b,audit-0054,3
scope-0227,author_a,audit-0004,3
scope-0228,author_a,audit-0021,3
scope-0229,author_b,audit-0016,2
scope-0230,author_b,audit-0062,3
scope-0231,author_a,audit-0066,1
scope-0232,author_a,audit-0067,2
scope-0233,author_b,audit-0058,2
scope-0234,author_b,audit-0028,3
scope-0235,author_b,audit-0050,2
scope-0236,author_b,audit-0037,1
scope-0237,author_a,audit-0060,1
scope-0238,author_a,audit-0094,2
scope-0239,author_b,audit-0033,3
scope-0240,author_a,audit-0037,2
scope-0241,author_a,audit-0087,2
scope-0242,author_b,audit-0094,2
scope-0243,author_b,audit-0007,3
scope-0244,author_b,audit-0063,3
scope-0245,author_b,audit-0067,2
scope-0246,author_b,audit-0075,2
scope-0247,author_a,audit-0041,1
scope-0248,author_a,audit-0013,1
scope-0249,author_b,audit-0080,1
scope-0250,author_b,audit-0042,1
scope-0251,author_a,audit-0078,2
scope-0252,author_b,audit-0015,1
scope-0253,author_a,audit-0024,2
scope-0254,author_a,audit-0015,2
scope-0255,author_b,audit-0068,2
scope-0256,author_a,audit-0038,3
scope-0257,author_a,audit-0115,2
scope-0258,author_b,audit-0005,3
scope-0259,author_a,audit-0089,3
scope-0260,author_a,audit-0058,2
scope-0261,author_b,audit-0061,3
scope-0262,author_a,audit-0106,3
scope-0263,author_b,audit-0061,1
scope-0264,author_a,audit-0076,3
scope-0265,author_a,audit-0091,1
scope-0266,author_b,audit-0029,3
scope-0267,author_b,audit-0043,3
scope-0268,author_b,audit-0117,3
scope-0269,author_a,audit-0117,2
scope-0270,author_a,audit-0006,3
scope-0271,author_b,audit-0062,1
scope-0272,author_b,audit-0116,2
scope-0273,author_a,audit-0049,2
scope-0274,author_b,audit-0049,2
scope-0275,author_a,audit-0013,3
scope-0276,author_a,audit-0109,1
scope-0277,author_a,audit-0054,1
scope-0278,author_b,audit-0039,1
scope-0279,author_b,audit-0032,1
scope-0280,author_a,audit-0058,3
scope-0281,author_b,audit-0024,3
scope-0282,author_a,audit-0119,2
scope-0283,author_b,audit-0104,1
scope-0284,author_b,audit-0111,2
scope-0285,author_b,audit-0029,2
scope-0286,author_a,audit-0118,2
scope-0287,author_a,audit-0050,3
scope-0288,author_b,audit-0080,2
scope-0289,author_a,audit-0078,1
scope-0290,author_b,audit-0004,1
scope-0291,author_b,audit-0078,3
scope-0292,author_a,audit-0062,1
scope-0293,author_a,audit-0003,3
scope-0294,author_a,audit-0029,3
scope-0295,author_a,audit-0071,2
scope-0296,author_a,audit-0005,3
scope-0297,author_b,audit-0114,1
scope-0298,author_b,audit-0106,3
scope-0299,author_a,audit-0114,1
scope-0300,author_b,audit-0030,1
scope-0301,author_a,audit-0082,1
scope-0302,author_b,audit-0027,3
scope-0303,author_b,audit-0076,1
scope-0304,author_a,audit-0051,3
scope-0305,author_a,audit-0112,1
scope-0306,author_b,audit-0049,3
scope-0307,author_a,audit-0109,3
scope-0308,author_a,audit-0053,1
scope-0309,author_b,audit-0059,3
scope-0310,author_a,audit-0112,3
scope-0311,author_a,audit-0025,1
scope-0312,author_a,audit-0076,2
scope-0313,author_a,audit-0024,3
scope-0314,author_b,audit-0008,1
scope-0315,author_b,audit-0072,1
scope-0316,author_a,audit-0047,1
scope-0317,author_a,audit-0100,1
scope-0318,author_b,audit-0053,2
scope-0319,author_b,audit-0001,1
scope-0320,author_a,audit-0005,1
scope-0321,author_a,audit-0033,2
scope-0322,author_a,audit-0023,2
scope-0323,author_b,audit-0018,2
scope-0324,author_b,audit-0111,3
scope-0325,author_b,audit-0058,1
scope-0326,author_a,audit-0077,2
scope-0327,author_b,audit-0056,2
scope-0328,author_a,audit-0095,3
scope-0329,author_b,audit-0097,2
scope-0330,author_b,audit-0120,1
scope-0331,author_b,audit-0045,2
scope-0332,author_b,audit-0076,3
scope-0333,author_a,audit-0057,1
scope-0334,author_b,audit-0094,3
scope-0335,author_b,audit-0028,1
scope-0336,author_b,audit-0116,3
scope-0337,author_b,audit-0097,1
scope-0338,author_b,audit-0047,3
scope-0339,author_b,audit-0092,1
scope-0340,author_a,audit-0062,3
scope-0341,author_b,audit-0013,2
scope-0342,author_b,audit-0088,3
scope-0343,author_a,audit-0081,2
scope-0344,author_b,audit-0015,3
scope-0345,author_b,audit-0084,2
scope-0346,author_b,audit-0097,3
scope-0347,author_a,audit-0104,3
scope-0348,author_b,audit-0092,3
scope-0349,author_a,audit-0045,1
scope-0350,author_b,audit-0022,2
scope-0351,author_a,audit-0095,1
scope-0352,author_a,audit-0107,2
scope-0353,author_a,audit-0075,1
scope-0354,author_a,audit-0012,3
scope-0355,author_a,audit-0026,1
scope-0356,author_a,audit-0029,1
scope-0357,author_a,audit-0063,1
scope-0358,author_b,audit-0014,2
scope-0359,author_a,audit-0070,1
scope-0360,author_a,audit-0113,2
scope-0361,author_a,audit-0004,1
scope-0362,author_b,audit-0018,3
scope-0363,author_a,audit-0097,1
scope-0364,author_b,audit-0071,3
scope-0365,author_b,audit-0082,3
scope-0366,author_b,audit-0021,2
scope-0367,author_a,audit-0116,3
scope-0368,author_a,audit-0070,2
scope-0369,author_b,audit-0092,2
scope-0370,author_b,audit-0025,1
scope-0371,author_b,audit-0042,2
scope-0372,author_a,audit-0028,3
scope-0373,author_b,audit-0035,3
scope-0374,author_b,audit-0071,2
scope-0375,author_a,audit-0022,1
scope-0376,author_b,audit-0022,3
scope-0377,author_a,audit-0009,2
scope-0378,author_a,audit-0071,1
scope-0379,author_b,audit-0100,1
scope-0380,author_b,audit-0077,2
scope-0381,author_b,audit-0074,2
scope-0382,author_a,audit-0066,2
scope-0383,author_a,audit-0098,2
scope-0384,author_a,audit-0038,2
scope-0385,author_b,audit-0002,2
scope-0386,author_b,audit-0048,1
scope-0387,author_b,audit-0065,3
scope-0388,author_a,audit-0008,2
scope-0389,author_a,audit-0059,3
scope-0390,author_a,audit-0083,1
scope-0391,author_a,audit-0086,3
scope-0392,author_a,audit-0109,2
scope-0393,author_a,audit-0079,3
scope-0394,author_b,audit-0009,2
scope-0395,author_b,audit-0094,1
scope-0396,author_b,audit-0077,3
scope-0397,author_a,audit-0033,1
scope-0398,author_a,audit-0026,3
scope-0399,author_a,audit-0060,3
scope-0400,author_a,audit-0067,3
scope-0401,author_a,audit-0102,3
scope-0402,author_a,audit-0021,2
scope-0403,author_a,audit-0041,2
scope-0404,author_a,audit-0107,1
scope-0405,author_a,audit-0073,1
scope-0406,author_a,audit-0120,1
scope-0407,author_b,audit-0065,2
scope-0408,author_a,audit-0115,3
scope-0409,author_a,audit-0101,2
scope-0410,author_b,audit-0041,2
scope-0411,author_a,audit-0089,1
scope-0412,author_b,audit-0052,1
scope-0413,author_a,audit-0040,3
scope-0414,author_b,audit-0098,2
scope-0415,author_b,audit-0106,1
scope-0416,author_a,audit-0012,1
scope-0417,author_a,audit-0034,2
scope-0418,author_b,audit-0023,3
scope-0419,author_b,audit-0105,2
scope-0420,author_b,audit-0064,1
scope-0421,author_a,audit-0025,3
scope-0422,author_a,audit-0030,3
scope-0423,author_a,audit-0001,1
scope-0424,author_b,audit-0024,1
scope-0425,author_b,audit-0049,1
scope-0426,author_a,audit-0093,3
scope-0427,author_b,audit-0016,1
scope-0428,author_a,audit-0001,3
scope-0429,author_a,audit-0017,1
scope-0430,author_a,audit-0063,3
scope-0431,author_b,audit-0009,1
scope-0432,author_b,audit-0015,2
scope-0433,author_b,audit-0040,3
scope-0434,author_a,audit-0051,1
scope-0435,author_b,audit-0020,2
scope-0436,author_a,audit-0080,2
scope-0437,author_b,audit-0112,2
scope-0438,author_a,audit-0036,1
scope-0439,author_b,audit-0102,3
scope-0440,author_b,audit-0052,3
scope-0441,author_b,audit-0004,2
scope-0442,author_a,audit-0027,3
scope-0443,author_b,audit-0055,2
scope-0444,author_b,audit-0093,3
scope-0445,author_a,audit-0115,1
scope-0446,author_a,audit-0063,2
scope-0447,author_a,audit-0015,3
scope-0448,author_b,audit-0006,2
scope-0449,author_a,audit-0094,1
scope-0450,author_b,audit-0109,2
scope-0451,author_a,audit-0065,2
scope-0452,author_a,audit-0095,2
scope-0453,author_b,audit-0010,3
scope-0454,author_b,audit-0115,1
scope-0455,author_a,audit-0097,2
scope-0456,author_b,audit-0104,2
scope-0457,author_b,audit-0070,3
scope-0458,author_a,audit-0066,3
scope-0459,author_b,audit-0047,2
scope-0460,author_b,audit-0031,1
scope-0461,author_b,audit-0017,1
scope-0462,author_a,audit-0020,2
scope-0463,author_a,audit-0062,2
scope-0464,author_b,audit-0113,2
scope-0465,author_b,audit-0008,2
scope-0466,author_b,audit-0090,2
scope-0467,author_a,audit-0055,2
scope-0468,author_b,audit-0110,3
scope-0469,author_b,audit-0113,1
scope-0470,author_a,audit-0042,2
scope-0471,author_a,audit-0068,1
scope-0472,author_a,audit-0102,1
scope-0473,author_a,audit-0092,2
scope-0474,author_b,audit-0110,2
scope-0475,author_b,audit-0001,3
scope-0476,author_b,audit-0096,2
scope-0477,author_a,audit-0033,3
scope-0478,author_b,audit-0091,2
scope-0479,author_b,audit-0066,3
scope-0480,author_b,audit-0074,1
scope-0481,author_b,audit-0115,3
scope-0482,author_b,audit-0107,1
scope-0483,author_a,audit-0069,1
scope-0484,author_a,audit-0101,1
scope-0485,author_a,audit-0114,2
scope-0486,author_b,audit-0040,2
scope-0487,author_a,audit-0082,2
scope-0488,author_b,audit-0023,1
scope-0489,author_b,audit-0035,1
scope-0490,author_b,audit-0118,3
scope-0491,author_b,audit-0027,2
scope-0492,author_a,audit-0040,1
scope-0493,author_a,audit-0031,2
scope-0494,author_a,audit-0119,1
scope-0495,author_a,audit-0034,3
scope-0496,author_a,audit-0002,3
scope-0497,author_b,audit-0091,3
scope-0498,author_a,audit-0108,2
scope-0499,author_b,audit-0069,3
scope-0500,author_a,audit-0028,2
scope-0501,author_a,audit-0110,2
scope-0502,author_b,audit-0030,2
scope-0503,author_a,audit-0119,3
scope-0504,author_a,audit-0108,3
scope-0505,author_b,audit-0003,2
scope-0506,author_b,audit-0109,1
scope-0507,author_a,audit-0075,2
scope-0508,author_b,audit-0017,3
scope-0509,author_b,audit-0088,2
scope-0510,author_b,audit-0100,2
scope-0511,author_b,audit-0083,1
scope-0512,author_b,audit-0109,3
scope-0513,author_a,audit-0045,2
scope-0514,author_a,audit-0042,1
scope-0515,author_a,audit-0016,1
scope-0516,author_b,audit-0102,2
scope-0517,author_a,audit-0086,2
scope-0518,author_a,audit-0010,3
scope-0519,author_a,audit-0090,3
scope-0520,author_b,audit-0069,1
scope-0521,author_b,audit-0108,2
scope-0522,author_a,audit-0090,1
scope-0523,author_b,audit-0012,3
scope-0524,author_a,audit-0074,2
scope-0525,author_b,audit-0090,1
scope-0526,author_a,audit-0093,1
scope-0527,author_a,audit-0101,3
scope-0528,author_b,audit-0083,3
scope-0529,author_b,audit-0043,2
scope-0530,author_a,audit-0068,3
scope-0531,author_a,audit-0069,2
scope-0532,author_b,audit-0031,2
scope-0533,author_b,audit-0087,1
scope-0534,author_a,audit-0007,2
scope-0535,author_b,audit-0073,3
scope-0536,author_a,audit-0075,3
scope-0537,author_b,audit-0073,2
scope-0538,author_a,audit-0052,2
scope-0539,author_a,audit-0103,2
scope-0540,author_b,audit-0007,2
scope-0541,author_b,audit-0113,3
scope-0542,author_a,audit-0008,1
scope-0543,author_b,audit-0089,1
scope-0544,author_a,audit-0056,3
scope-0545,author_b,audit-0039,2
scope-0546,author_a,audit-0043,1
scope-0547,author_a,audit-0030,1
scope-0548,author_b,audit-0081,1
scope-0549,author_b,audit-0034,2
scope-0550,author_b,audit-0059,2
scope-0551,author_a,audit-0040,2
scope-0552,author_a,audit-0020,1
scope-0553,author_a,audit-0051,2
scope-0554,author_a,audit-0074,1
scope-0555,author_b,audit-0018,1
scope-0556,author_b,audit-0051,2
scope-0557,author_b,audit-0087,3
scope-0558,author_a,audit-0105,1
scope-0559,author_a,audit-0039,2
scope-0560,author_a,audit-0099,2
scope-0561,author_b,audit-0085,3
scope-0562,author_a,audit-0054,3
scope-0563,author_a,audit-0047,3
scope-0564,author_b,audit-0091,1
scope-0565,author_a,audit-0050,1
scope-0566,author_b,audit-0098,1
scope-0567,author_a,audit-0105,2
scope-0568,author_a,audit-0050,2
scope-0569,author_b,audit-0112,1
scope-0570,author_a,audit-0016,2
scope-0571,author_b,audit-0114,3
scope-0572,author_b,audit-0035,2
scope-0573,author_a,audit-0081,1
scope-0574,author_b,audit-0089,3
scope-0575,author_b,audit-0099,1
scope-0576,author_b,audit-0086,2
scope-0577,author_a,audit-0018,2
scope-0578,author_a,audit-0113,3
scope-0579,author_a,audit-0081,3
scope-0580,author_b,audit-0014,1
scope-0581,author_a,audit-0088,3
scope-0582,author_b,audit-0051,3
scope-0583,author_a,audit-0029,2
scope-0584,author_a,audit-0088,1
scope-0585,author_b,audit-0066,1
scope-0586,author_a,audit-0065,3
scope-0587,author_b,audit-0045,1
scope-0588,author_b,audit-0016,3
scope-0589,author_b,audit-0011,3
scope-0590,author_a,audit-0088,2
scope-0591,author_a,audit-0108,1
scope-0592,author_a,audit-0010,1
scope-0593,author_a,audit-0120,3
scope-0594,author_b,audit-0033,1
scope-0595,author_a,audit-0069,3
scope-0596,author_a,audit-0116,2
scope-0597,author_a,audit-0037,1
scope-0598,author_b,audit-0064,2
scope-0599,author_b,audit-0079,2
scope-0600,author_b,audit-0041,1
scope-0601,author_b,audit-0054,1
scope-0602,author_b,audit-0120,2
scope-0603,author_a,audit-0011,1
scope-0604,author_a,audit-0034,1
scope-0605,author_a,audit-0027,1
scope-0606,author_a,audit-0030,2
scope-0607,author_a,audit-0087,1
scope-0608,author_b,audit-0055,1
scope-0609,author_b,audit-0099,3
scope-0610,author_a,audit-0028,1
scope-0611,author_a,audit-0007,1
scope-0612,author_a,audit-0098,1
scope-0613,author_b,audit-0003,1
scope-0614,author_a,audit-0111,1
scope-0615,author_a,audit-0120,2
scope-0616,author_b,audit-0044,3
scope-0617,author_b,audit-0030,3
scope-0618,author_a,audit-0009,1
scope-0619,author_a,audit-0010,2
scope-0620,author_b,audit-0116,1
scope-0621,author_a,audit-0039,1
scope-0622,author_b,audit-0088,1
scope-0623,author_a,audit-0045,3
scope-0624,author_a,audit-0049,3
scope-0625,author_a,audit-0019,2
scope-0626,author_a,audit-0022,3
scope-0627,author_b,audit-0021,3
scope-0628,author_a,audit-0036,3
scope-0629,author_b,audit-0041,3
scope-0630,author_b,audit-0014,3
scope-0631,author_a,audit-0027,2
scope-0632,author_b,audit-0114,2
scope-0633,author_b,audit-0098,3
scope-0634,author_a,audit-0105,3
scope-0635,author_b,audit-0019,3
scope-0636,author_b,audit-0070,1
scope-0637,author_a,audit-0021,1
scope-0638,author_b,audit-0107,2
scope-0639,author_b,audit-0072,2
scope-0640,author_b,audit-0106,2
scope-0641,author_b,audit-0026,1
scope-0642,author_b,audit-0053,1
scope-0643,author_a,audit-0083,2
scope-0644,author_b,audit-0068,1
scope-0645,author_a,audit-0068,2
scope-0646,author_a,audit-0089,2
scope-0647,author_a,audit-0007,3
scope-0648,author_a,audit-0053,3
scope-0649,author_a,audit-0077,3
scope-0650,author_a,audit-0016,3
scope-0651,author_a,audit-0100,3
scope-0652,author_a,audit-0061,2
scope-0653,author_a,audit-0041,3
scope-0654,author_a,audit-0047,2
scope-0655,author_b,audit-0073,1
scope-0656,author_b,audit-0042,3
scope-0657,author_b,audit-0096,3
scope-0658,author_a,audit-0024,1
scope-0659,author_b,audit-0093,1
scope-0660,author_b,audit-0117,2
scope-0661,author_b,audit-0069,2
scope-0662,author_b,audit-0017,2
scope-0663,author_a,audit-0014,2
scope-0664,author_b,audit-0075,1
scope-0665,author_b,audit-0103,1
scope-0666,author_b,audit-0009,3
